Ticker;Price;Qty;SOURCE;TIME
VHOZ0 Index;-2,5;1000;;14.09.2020 14:46
VHOZ0 Index;-3;1000;;16.09.2020 12:04
VHOZ0 Index;-3;10000;;16.09.2020 13:42
VHOZ0 Index;-3;6000;;16.09.2020 17:29
VHOZ0 Index;-3;7000;;16.09.2020 17:41
VHOZ0 Index;-17;5000;;22.09.2020 13:08
VHOZ0 Index;-19;2000;;24.09.2020 15:56
VHOZ0 Index;-17;1000;;25.09.2020 16:14
VHOZ0 Index;-17;2600;;25.09.2020 16:32
VHOZ0 Index;-17;3000;;29.09.2020 17:21
VHOZ0 Index;-19;2500;;02.10.2020 11:50
VHOZ0 Index;-16;5000;;02.10.2020 12:14
VHOZ0 Index;-16;2000;;02.10.2020 12:57
VHOZ0 Index;-19;1500;;02.10.2020 15:26
VHOZ0 Index;-17;2000;;02.10.2020 17:06
VHOZ0 Index;-17;2000;;02.10.2020 17:25
VHOZ0 Index;-16;5000;;05.10.2020 17:09
VHOZ0 Index;-17;2000;;06.10.2020 09:43
VHOZ0 Index;-16;3000;;06.10.2020 16:18
VHOZ0 Index;-16;3000;;06.10.2020 16:26
VHOZ0 Index;-16;4000;;07.10.2020 12:38
VHOZ0 Index;-15;2000;;09.10.2020 15:54
VHOZ0 Index;-15;2000;;09.10.2020 16:44
VHOZ0 Index;-12;2000;;12.10.2020 13:15
VHOZ0 Index;-15;5000;;13.10.2020 12:36
VHOZ0 Index;-15;1000;;13.10.2020 14:27
VHOZ0 Index;-15;2000;;14.10.2020 10:26
VHOZ0 Index;-14;1000;;16.10.2020 11:05
VHOZ0 Index;-20;1000;;16.10.2020 16:20
VHOZ0 Index;-17;5000;;20.10.2020 16:29
VHOZ0 Index;-15;2000;;27.10.2020 10:25
VHOZ0 Index;-15;2000;;27.10.2020 11:51
VHOZ0 Index;-35;5000;;28.10.2020 16:41
VHOZ0 Index;-35;5000;;29.10.2020 11:43
VHOZ0 Index;-35;5000;;29.10.2020 15:42
VHOZ0 Index;-33;5000;;30.10.2020 12:36
VHOZ0 Index;-33;11000;;30.10.2020 14:02
VHOZ0 Index;-33;2000;;30.10.2020 14:33
VHOZ0 Index;-30;600;;30.10.2020 15:52
VHOZ0 Index;-29;2000;;02.11.2020 10:33
VHOZ0 Index;-30;5000;;02.11.2020 14:16
VHOZ0 Index;-30;5000;;02.11.2020 14:54
VHOZ0 Index;-20;300;;03.11.2020 15:42
VHOZ1 Index;42;4120;;03.12.2019 09:44
VHOZ1 Index;42;5000;;04.12.2019 09:52
VHOZ1 Index;42;12000;;04.12.2019 11:07
VHOZ1 Index;42;2000;;04.12.2019 11:11
VHOZ1 Index;41,5;2500;;04.12.2019 14:51
VHOZ1 Index;42;2500;;04.12.2019 14:52
VHOZ1 Index;41,5;4000;;04.12.2019 14:52
VHOZ1 Index;41,5;3500;;05.12.2019 12:23
VHOZ1 Index;42;3500;;05.12.2019 12:23
VHOZ1 Index;42;2500;;05.12.2019 13:15
VHOZ1 Index;41,5;2500;;05.12.2019 13:15
VHOZ1 Index;42;5000;;05.12.2019 16:05
VHOZ1 Index;41;3000;;11.12.2019 15:47
VHOZ1 Index;41,5;3000;;12.12.2019 13:18
VHOZ1 Index;41,5;3000;;12.12.2019 13:42
VHOZ1 Index;41,5;4100;;12.12.2019 13:52
VHOZ1 Index;41,5;1000;;12.12.2019 14:05
VHOZ1 Index;41,5;5000;;12.12.2019 14:24
VHOZ1 Index;42,5;3000;;13.12.2019 15:21
VHOZ1 Index;42,5;1500;;13.12.2019 16:00
VHOZ1 Index;42;1500;;13.12.2019 16:00
VHOZ1 Index;42,5;1600;;16.12.2019 12:37
VHOZ1 Index;43;1600;;16.12.2019 12:37
VHOZ1 Index;43;3000;;18.12.2019 09:59
VHOZ1 Index;42,5;600;;20.12.2019 16:16
VHOZ1 Index;42;2119;;27.12.2019 10:08
VHOZ1 Index;39,5;7500;;08.01.2020 15:10
VHOZ1 Index;39,5;400;;08.01.2020 15:55
VHOZ1 Index;39,5;5000;;08.01.2020 17:32
VHOZ1 Index;39,5;2000;;09.01.2020 14:40
VHOZ1 Index;39,5;4000;;09.01.2020 15:36
VHOZ1 Index;39;312;;09.01.2020 16:57
VHOZ1 Index;39,5;311;;09.01.2020 16:57
VHOZ1 Index;39;845;;10.01.2020 12:39
VHOZ1 Index;39,5;845;;10.01.2020 12:40
VHOZ1 Index;39,5;10000;;13.01.2020 11:19
VHOZ1 Index;39,5;3000;;13.01.2020 11:37
VHOZ1 Index;39,5;750;;13.01.2020 14:47
VHOZ1 Index;39;5000;;13.01.2020 17:31
VHOZ1 Index;39,5;5000;;13.01.2020 17:39
VHOZ1 Index;39;4000;;14.01.2020 13:28
VHOZ1 Index;39;5000;;14.01.2020 14:14
VHOZ1 Index;39;5000;;14.01.2020 14:35
VHOZ1 Index;39;2500;;14.01.2020 15:47
VHOZ1 Index;39;2500;;14.01.2020 16:25
VHOZ1 Index;38,5;5000;;15.01.2020 17:34
VHOZ1 Index;38,5;2500;;16.01.2020 12:54
VHOZ1 Index;39;2500;;16.01.2020 12:54
VHOZ1 Index;38,5;2500;;16.01.2020 13:23
VHOZ1 Index;39;2500;;16.01.2020 13:23
VHOZ1 Index;38;3750;;23.01.2020 12:44
VHOZ1 Index;38;1000;;23.01.2020 15:33
VHOZ1 Index;38,5;1000;;23.01.2020 15:34
VHOZ1 Index;39;1250;;23.01.2020 15:39
VHOZ1 Index;38,5;1000;;23.01.2020 16:43
VHOZ1 Index;38;1000;;23.01.2020 16:43
VHOZ1 Index;38,5;2000;;24.01.2020 13:20
VHOZ1 Index;38,5;2000;;24.01.2020 13:27
VHOZ1 Index;38;250;;24.01.2020 16:59
VHOZ1 Index;38,5;250;;24.01.2020 16:59
VHOZ1 Index;38;300;;28.01.2020 14:44
VHOZ1 Index;38,5;300;;28.01.2020 14:44
VHOZ1 Index;38;5000;;29.01.2020 15:24
VHOZ1 Index;37,5;5000;;29.01.2020 15:24
VHOZ1 Index;37,5;2500;;29.01.2020 15:47
VHOZ1 Index;38;2500;;29.01.2020 15:47
VHOZ1 Index;37,5;1000;;29.01.2020 15:53
VHOZ1 Index;38;1000;;29.01.2020 15:53
VHOZ1 Index;38,5;5000;;31.01.2020 15:09
VHOZ1 Index;39;1500;;31.01.2020 16:38
VHOZ1 Index;39,5;1500;;31.01.2020 16:38
VHOZ1 Index;39,5;1000;;31.01.2020 16:46
VHOZ1 Index;39;1000;;31.01.2020 16:46
VHOZ1 Index;39;3000;;03.02.2020 13:37
VHOZ1 Index;39;1000;;03.02.2020 13:43
VHOZ1 Index;39,5;1000;;03.02.2020 13:43
VHOZ1 Index;39;2500;;05.02.2020 12:44
VHOZ1 Index;39;2500;;05.02.2020 12:50
VHOZ1 Index;37,5;5000;;11.02.2020 12:29
VHOZ1 Index;37;4000;;11.02.2020 15:11
VHOZ1 Index;37;2500;;11.02.2020 15:18
VHOZ1 Index;37;3750;;12.02.2020 14:28
VHOZ1 Index;37,5;3750;;12.02.2020 14:29
VHOZ1 Index;37;5000;;13.02.2020 11:43
VHOZ1 Index;37;5625;;13.02.2020 12:00
VHOZ1 Index;38;1875;;13.02.2020 12:01
VHOZ1 Index;37;1000;;13.02.2020 16:10
VHOZ1 Index;37,5;1000;;13.02.2020 16:10
VHOZ1 Index;37,5;5000;;14.02.2020 11:28
VHOZ1 Index;38;1000;;14.02.2020 11:31
VHOZ1 Index;37,5;1000;;14.02.2020 11:31
VHOZ1 Index;38;6500;;14.02.2020 11:40
VHOZ1 Index;37,5;6500;;14.02.2020 11:41
VHOZ1 Index;37,5;1000;;14.02.2020 11:41
VHOZ1 Index;37,5;3500;;14.02.2020 11:42
VHOZ1 Index;38;1000;;14.02.2020 11:42
VHOZ1 Index;38;3500;;14.02.2020 11:42
VHOZ1 Index;37,5;500;;14.02.2020 11:46
VHOZ1 Index;38;500;;14.02.2020 11:47
VHOZ1 Index;37,5;3500;;14.02.2020 11:48
VHOZ1 Index;38;3500;;14.02.2020 11:48
VHOZ1 Index;38;1721;;14.02.2020 16:12
VHOZ1 Index;38;2000;;14.02.2020 16:42
VHOZ1 Index;38,5;2000;;14.02.2020 16:43
VHOZ1 Index;38;6000;;14.02.2020 16:43
VHOZ1 Index;38,5;6000;;14.02.2020 16:43
VHOZ1 Index;38;1000;;14.02.2020 16:48
VHOZ1 Index;38,5;1000;;14.02.2020 16:49
VHOZ1 Index;38,5;1000;;14.02.2020 16:51
VHOZ1 Index;38;1000;;14.02.2020 16:51
VHOZ1 Index;39,5;2500;;17.02.2020 13:19
VHOZ1 Index;39;2500;;17.02.2020 13:19
VHOZ1 Index;40;8000;;18.02.2020 15:57
VHOZ1 Index;39,5;2500;;19.02.2020 13:59
VHOZ1 Index;40;2500;;19.02.2020 14:00
VHOZ1 Index;40;4000;;19.02.2020 15:16
VHOZ1 Index;40;2000;;19.02.2020 15:17
VHOZ1 Index;40;2000;;19.02.2020 15:18
VHOZ1 Index;40,5;5000;;19.02.2020 16:43
VHOZ1 Index;40,5;2000;;19.02.2020 17:05
VHOZ1 Index;40,5;3000;;19.02.2020 17:06
VHOZ1 Index;40,5;5000;;20.02.2020 10:58
VHOZ1 Index;40,5;5000;;20.02.2020 11:03
VHOZ1 Index;40,5;5000;;20.02.2020 11:12
VHOZ1 Index;40,5;2500;;21.02.2020 12:44
VHOZ1 Index;41;2500;;21.02.2020 12:45
VHOZ1 Index;40;4470;;28.02.2020 09:50
VHOZ1 Index;40;1500;;28.02.2020 11:58
VHOZ1 Index;41;500;;28.02.2020 11:58
VHOZ1 Index;40,5;2000;;28.02.2020 12:58
VHOZ1 Index;40,5;5900;;02.03.2020 09:25
VHOZ1 Index;41;6000;;02.03.2020 09:28
VHOZ1 Index;41;6000;;02.03.2020 11:31
VHOZ1 Index;41;5000;;02.03.2020 11:31
VHOZ1 Index;41;1000;;02.03.2020 12:09
VHOZ1 Index;42;6000;;02.03.2020 12:44
VHOZ1 Index;42;5000;;02.03.2020 14:33
VHOZ1 Index;42;7500;;02.03.2020 14:57
VHOZ1 Index;42;5000;;02.03.2020 14:58
VHOZ1 Index;41;7300;;03.03.2020 11:01
VHOZ1 Index;41;1936;;03.03.2020 15:08
VHOZ1 Index;41,5;3700;;04.03.2020 09:48
VHOZ1 Index;42;3700;;04.03.2020 09:48
VHOZ1 Index;41,5;5000;;04.03.2020 12:52
VHOZ1 Index;40;100;;04.03.2020 13:36
VHOZ1 Index;41,5;5000;;04.03.2020 15:42
VHOZ1 Index;41,5;750;;04.03.2020 16:24
VHOZ1 Index;41,5;5000;;04.03.2020 18:01
VHOZ1 Index;41,5;8200;;05.03.2020 09:33
VHOZ1 Index;43;6200;;06.03.2020 12:09
VHOZ1 Index;45;5000;;06.03.2020 14:18
VHOZ1 Index;45;10000;;06.03.2020 15:11
VHOZ1 Index;44;5000;;06.03.2020 16:05
VHOZ1 Index;44;5000;;06.03.2020 16:32
VHOZ1 Index;45,5;3000;;09.03.2020 17:49
VHOZ1 Index;43;9200;;10.03.2020 10:46
VHOZ1 Index;42;5000;;10.03.2020 13:35
VHOZ1 Index;43;6750;;11.03.2020 11:14
VHOZ1 Index;43,5;15000;;11.03.2020 11:24
VHOZ1 Index;46;5000;;11.03.2020 15:54
VHOZ1 Index;46;5000;;11.03.2020 15:59
VHOZ1 Index;46;4000;;12.03.2020 12:42
VHOZ1 Index;47,5;5000;;12.03.2020 13:45
VHOZ1 Index;47,5;2000;;12.03.2020 13:56
VHOZ1 Index;48;7000;;12.03.2020 16:48
VHOZ1 Index;48;3000;;12.03.2020 17:34
VHOZ1 Index;48;8000;;12.03.2020 17:41
VHOZ1 Index;48;12000;;12.03.2020 17:50
VHOZ1 Index;45;7323;;16.03.2020 14:44
VHOZ1 Index;45;5000;;16.03.2020 15:42
VHOZ1 Index;47;5000;;17.03.2020 10:54
VHOZ1 Index;45;3035;;17.03.2020 11:34
VHOZ1 Index;30;5000;;18.03.2020 09:54
VHOZ1 Index;25;2000;;18.03.2020 11:23
VHOZ1 Index;20;2312;;18.03.2020 16:19
VHOZ1 Index;25;5000;;18.03.2020 16:39
VHOZ1 Index;23;11500;;19.03.2020 10:11
VHOZ1 Index;30;5000;;19.03.2020 12:14
VHOZ1 Index;30;5000;;19.03.2020 12:15
VHOZ1 Index;32;500;;19.03.2020 13:36
VHOZ1 Index;30;3000;;19.03.2020 17:12
VHOZ1 Index;30;5000;;20.03.2020 11:21
VHOZ1 Index;32;15000;;23.03.2020 13:28
VHOZ1 Index;32;7500;;23.03.2020 13:28
VHOZ1 Index;27;4000;;24.03.2020 12:19
VHOZ1 Index;27;1000;;24.03.2020 12:23
VHOZ1 Index;26,5;4000;;24.03.2020 12:57
VHOZ1 Index;26,5;1000;;24.03.2020 13:03
VHOZ1 Index;25,5;3000;;24.03.2020 14:22
VHOZ1 Index;25,5;2000;;24.03.2020 14:25
VHOZ1 Index;25;4000;;25.03.2020 15:26
VHOZ1 Index;25;7000;;25.03.2020 16:05
VHOZ1 Index;25;5000;;25.03.2020 16:05
VHOZ1 Index;25;9000;;25.03.2020 16:44
VHOZ1 Index;27;7500;;26.03.2020 11:01
VHOZ1 Index;27;7500;;26.03.2020 13:49
VHOZ1 Index;25;6200;;26.03.2020 15:56
VHOZ1 Index;23;5000;;27.03.2020 10:52
VHOZ1 Index;24;8000;;27.03.2020 11:01
VHOZ1 Index;23;7500;;27.03.2020 11:38
VHOZ1 Index;23;2500;;27.03.2020 12:07
VHOZ1 Index;23;20000;;27.03.2020 14:52
VHOZ1 Index;23;400;;27.03.2020 16:41
VHOZ1 Index;23;5000;;31.03.2020 16:21
VHOZ1 Index;23;5000;;31.03.2020 17:25
VHOZ1 Index;23;8000;;31.03.2020 17:53
VHOZ1 Index;24;10000;;01.04.2020 12:53
VHOZ1 Index;23,5;10000;;01.04.2020 12:53
VHOZ1 Index;23,5;2500;;01.04.2020 14:05
VHOZ1 Index;24;2500;;01.04.2020 14:06
VHOZ1 Index;23,5;3500;;01.04.2020 14:08
VHOZ1 Index;24;3500;;01.04.2020 14:08
VHOZ1 Index;26;16000;;03.04.2020 12:16
VHOZ1 Index;26;1000;;03.04.2020 12:22
VHOZ1 Index;27;8000;;03.04.2020 17:13
VHOZ1 Index;30;2000;;03.04.2020 17:21
VHOZ1 Index;34;10000;;07.04.2020 14:51
VHOZ1 Index;32;5000;;07.04.2020 15:00
VHOZ1 Index;34;5000;;07.04.2020 15:48
VHOZ1 Index;34;3000;;07.04.2020 17:26
VHOZ1 Index;34;2000;;07.04.2020 17:27
VHOZ1 Index;34;5000;;07.04.2020 17:34
VHOZ1 Index;32;200;;08.04.2020 11:48
VHOZ1 Index;36;5000;;08.04.2020 12:41
VHOZ1 Index;36;3000;;08.04.2020 13:38
VHOZ1 Index;36;2000;;08.04.2020 18:29
VHOZ1 Index;37;10000;;09.04.2020 11:07
VHOZ1 Index;38;5000;;09.04.2020 12:04
VHOZ1 Index;38;3000;;09.04.2020 12:05
VHOZ1 Index;38;2000;;09.04.2020 12:48
VHOZ1 Index;38;10000;;09.04.2020 14:45
VHOZ1 Index;38;3000;;09.04.2020 14:48
VHOZ1 Index;38;5000;;17.04.2020 14:24
VHOZ1 Index;38;2500;;20.04.2020 16:31
VHOZ1 Index;38;5000;;21.04.2020 17:52
VHOZ1 Index;37;2000;;22.04.2020 16:55
VHOZ1 Index;36,5;3000;;22.04.2020 17:46
VHOZ1 Index;36,5;4000;;22.04.2020 17:56
VHOZ1 Index;36;7500;;28.04.2020 13:37
VHOZ1 Index;38;10000;;29.04.2020 17:13
VHOZ1 Index;38;5000;;30.04.2020 14:08
VHOZ1 Index;38;3000;;30.04.2020 17:22
VHOZ1 Index;38,5;5000;;04.05.2020 15:52
VHOZ1 Index;39;5000;;04.05.2020 18:05
VHOZ1 Index;39;3000;;04.05.2020 18:28
VHOZ1 Index;38,5;2000;;05.05.2020 15:06
VHOZ1 Index;38,5;10000;;05.05.2020 15:06
VHOZ1 Index;38,5;3000;;05.05.2020 15:20
VHOZ1 Index;38,5;3000;;05.05.2020 16:41
VHOZ1 Index;38;5000;;06.05.2020 11:51
VHOZ1 Index;39;1400;;06.05.2020 13:07
VHOZ1 Index;39;7500;;06.05.2020 14:54
VHOZ1 Index;39;2000;;08.05.2020 14:11
VHOZ1 Index;40,5;8000;;08.05.2020 15:11
VHOZ1 Index;40;2000;;08.05.2020 15:23
VHOZ1 Index;40,5;3000;;08.05.2020 15:31
VHOZ1 Index;40;4000;;11.05.2020 11:58
VHOZ1 Index;40;5000;;11.05.2020 12:45
VHOZ1 Index;40,5;8000;;13.05.2020 15:23
VHOZ1 Index;43;2000;;14.05.2020 13:56
VHOZ1 Index;43;2500;;14.05.2020 14:28
VHOZ1 Index;43;5000;;14.05.2020 14:28
VHOZ1 Index;43;5000;;14.05.2020 17:58
VHOZ1 Index;42;10000;;15.05.2020 11:51
VHOZ1 Index;42;5000;;15.05.2020 12:28
VHOZ1 Index;43;10000;;15.05.2020 17:13
VHOZ1 Index;42;2000;;19.05.2020 10:34
VHOZ1 Index;42;7000;;19.05.2020 16:25
VHOZ1 Index;42;2000;;20.05.2020 12:27
VHOZ1 Index;44;10000;;20.05.2020 15:17
VHOZ1 Index;44;2000;;20.05.2020 15:17
VHOZ1 Index;44,5;17000;;21.05.2020 11:39
VHOZ1 Index;44,5;5000;;21.05.2020 12:33
VHOZ1 Index;45;10000;;21.05.2020 12:49
VHOZ1 Index;44,5;4000;;21.05.2020 16:00
VHOZ1 Index;45,5;10000;;21.05.2020 17:22
VHOZ1 Index;45,5;5000;;22.05.2020 17:06
VHOZ1 Index;45;7500;;22.05.2020 17:22
VHOZ1 Index;45;5000;;26.05.2020 12:54
VHOZ1 Index;44,5;3000;;26.05.2020 16:56
VHOZ1 Index;45;5000;;26.05.2020 17:20
VHOZ1 Index;44;10000;;27.05.2020 11:26
VHOZ1 Index;44;8000;;27.05.2020 11:32
VHOZ1 Index;44;10000;;27.05.2020 11:51
VHOZ1 Index;43;10000;;28.05.2020 17:08
VHOZ1 Index;44;5000;;28.05.2020 17:12
VHOZ1 Index;44;5000;;28.05.2020 17:21
VHOZ1 Index;43,5;1000;;29.05.2020 14:16
VHOZ1 Index;43,5;5000;;29.05.2020 14:48
VHOZ1 Index;45;2000;;01.06.2020 12:20
VHOZ1 Index;44;10000;;01.06.2020 12:24
VHOZ1 Index;45;2000;;01.06.2020 12:30
VHOZ1 Index;44;5000;;01.06.2020 13:07
VHOZ1 Index;44;7500;;01.06.2020 13:46
VHOZ1 Index;44;2000;;01.06.2020 14:58
VHOZ1 Index;44;15000;;02.06.2020 11:44
VHOZ1 Index;44;10000;;03.06.2020 11:52
VHOZ1 Index;44;2500;;03.06.2020 12:10
VHOZ1 Index;44;4000;;03.06.2020 12:47
VHOZ1 Index;42;3000;;03.06.2020 13:27
VHOZ1 Index;39;1000;;05.06.2020 14:11
VHOZ1 Index;38;2000;;08.06.2020 10:38
VHOZ1 Index;38;2000;;08.06.2020 11:16
VHOZ1 Index;37,5;10000;;08.06.2020 12:25
VHOZ1 Index;37;2000;;08.06.2020 14:00
VHOZ1 Index;37,5;10000;;08.06.2020 17:03
VHOZ1 Index;37,5;3000;;09.06.2020 17:05
VHOZ1 Index;37,5;2000;;09.06.2020 17:36
VHOZ1 Index;37;4000;;09.06.2020 17:36
VHOZ1 Index;37;15000;;09.06.2020 17:42
VHOZ1 Index;36,5;10000;;10.06.2020 11:14
VHOZ1 Index;37;2000;;10.06.2020 12:03
VHOZ1 Index;36;2000;;10.06.2020 12:26
VHOZ1 Index;36;500;;10.06.2020 13:40
VHOZ1 Index;35;2000;;10.06.2020 14:09
VHOZ1 Index;36,5;5000;;10.06.2020 14:57
VHOZ1 Index;36,5;2000;;10.06.2020 15:04
VHOZ1 Index;36,5;5000;;10.06.2020 15:08
VHOZ1 Index;36,5;10000;;10.06.2020 16:05
VHOZ1 Index;36,5;10000;;10.06.2020 17:43
VHOZ1 Index;36,5;2000;;10.06.2020 18:05
VHOZ1 Index;36;5000;;11.06.2020 11:57
VHOZ1 Index;36,5;5000;;11.06.2020 12:43
VHOZ1 Index;35,5;1800;;11.06.2020 15:41
VHOZ1 Index;36,5;3000;;11.06.2020 17:15
VHOZ1 Index;36,5;10000;;11.06.2020 17:41
VHOZ1 Index;36,5;10000;;11.06.2020 17:50
VHOZ1 Index;36,5;5000;;11.06.2020 17:52
VHOZ1 Index;36;5000;;12.06.2020 10:59
VHOZ1 Index;36;4000;;12.06.2020 12:45
VHOZ1 Index;37;15000;;15.06.2020 15:23
VHOZ1 Index;33;13000;;16.06.2020 13:50
VHOZ1 Index;39,5;5000;;17.06.2020 13:31
VHOZ1 Index;35;150;;18.06.2020 14:37
VHOZ1 Index;31;2000;;19.06.2020 14:13
VHOZ1 Index;31;3000;;22.06.2020 15:21
VHOZ1 Index;30,5;4000;;22.06.2020 15:22
VHOZ1 Index;31;4000;;22.06.2020 15:22
VHOZ1 Index;32;2000;;22.06.2020 16:49
VHOZ1 Index;30,5;10000;;23.06.2020 16:19
VHOZ1 Index;30,5;3000;;23.06.2020 16:39
VHOZ1 Index;30,5;5000;;24.06.2020 15:30
VHOZ1 Index;31;2000;;24.06.2020 16:52
VHOZ1 Index;31;5000;;25.06.2020 10:55
VHOZ1 Index;31;2000;;25.06.2020 11:29
VHOZ1 Index;31;8000;;25.06.2020 11:37
VHOZ1 Index;31;10000;;25.06.2020 16:05
VHOZ1 Index;29;9000;;25.06.2020 17:33
VHOZ1 Index;29;4000;;25.06.2020 17:33
VHOZ1 Index;30;3000;;26.06.2020 11:14
VHOZ1 Index;30;1000;;26.06.2020 11:27
VHOZ1 Index;30;5000;;26.06.2020 15:10
VHOZ1 Index;29,5;5000;;29.06.2020 13:20
VHOZ1 Index;30,5;5000;;30.06.2020 16:29
VHOZ1 Index;31;7500;;01.07.2020 15:34
VHOZ1 Index;31;2000;;01.07.2020 15:53
VHOZ1 Index;30,5;3000;;02.07.2020 10:39
VHOZ1 Index;31;3000;;02.07.2020 10:39
VHOZ1 Index;30,5;2000;;02.07.2020 10:43
VHOZ1 Index;30,5;1000;;02.07.2020 14:54
VHOZ1 Index;30,5;3000;;02.07.2020 16:02
VHOZ1 Index;30,5;7000;;02.07.2020 16:19
VHOZ1 Index;31,5;5000;;03.07.2020 10:47
VHOZ1 Index;33;5000;;06.07.2020 13:23
VHOZ1 Index;32,5;10000;;06.07.2020 17:23
VHOZ1 Index;33,5;5000;;07.07.2020 11:19
VHOZ1 Index;32,5;6200;;08.07.2020 11:29
VHOZ1 Index;33;5000;;08.07.2020 17:15
VHOZ1 Index;32,5;2000;;13.07.2020 13:33
VHOZ1 Index;31,5;5000;;14.07.2020 16:34
VHOZ1 Index;31,5;5000;;14.07.2020 17:07
VHOZ1 Index;31;5000;;14.07.2020 17:07
VHOZ1 Index;32;1500;;16.07.2020 11:26
VHOZ1 Index;31,5;10000;;21.07.2020 15:47
VHOZ1 Index;31;1500;;24.07.2020 11:14
VHOZ1 Index;31,5;1500;;24.07.2020 11:14
VHOZ1 Index;31;1500;;28.07.2020 11:00
VHOZ1 Index;31,5;1500;;28.07.2020 11:00
VHOZ1 Index;31,5;5000;;29.07.2020 12:32
VHOZ1 Index;31,5;5000;;29.07.2020 17:15
VHOZ1 Index;31;1500;;29.07.2020 17:30
VHOZ1 Index;31,5;1500;;29.07.2020 17:31
VHOZ1 Index;31;4000;;29.07.2020 18:35
VHOZ1 Index;31,5;4000;;29.07.2020 18:35
VHOZ1 Index;31,5;1000;;30.07.2020 16:22
VHOZ1 Index;31;1000;;30.07.2020 16:22
VHOZ1 Index;31;5000;;31.07.2020 10:58
VHOZ1 Index;31,5;5000;;03.08.2020 17:13
VHOZ1 Index;31;5000;;04.08.2020 16:40
VHOZ1 Index;31;3000;;05.08.2020 12:28
VHOZ1 Index;31,5;100;;06.08.2020 13:26
VHOZ1 Index;30,5;5000;;07.08.2020 15:08
VHOZ1 Index;30;2500;;07.08.2020 16:44
VHOZ1 Index;30,5;2500;;07.08.2020 16:44
VHOZ1 Index;30,5;5000;;10.08.2020 16:24
VHOZ1 Index;30,5;2000;;11.08.2020 10:39
VHOZ1 Index;30,5;6000;;11.08.2020 10:41
VHOZ1 Index;30,5;1000;;11.08.2020 11:16
VHOZ1 Index;30;10000;;12.08.2020 10:44
VHOZ1 Index;30;3000;;12.08.2020 15:54
VHOZ1 Index;30;2000;;12.08.2020 16:57
VHOZ1 Index;30;5000;;17.08.2020 12:54
VHOZ1 Index;30;100;;18.08.2020 11:54
VHOZ1 Index;30;4000;;19.08.2020 10:12
VHOZ1 Index;30;5000;;19.08.2020 12:55
VHOZ1 Index;30;5000;;19.08.2020 15:30
VHOZ1 Index;30;4500;;19.08.2020 16:21
VHOZ1 Index;30;5000;;19.08.2020 16:53
VHOZ1 Index;30;5000;;19.08.2020 17:43
VHOZ1 Index;30;5000;;19.08.2020 18:01
VHOZ1 Index;30;3000;;19.08.2020 18:02
VHOZ1 Index;30;5000;;20.08.2020 11:58
VHOZ1 Index;30;5000;;20.08.2020 16:00
VHOZ1 Index;30;5000;;20.08.2020 16:31
VHOZ1 Index;32;1;;20.08.2020 16:47
VHOZ1 Index;30;5000;;21.08.2020 15:45
VHOZ1 Index;30;5000;;24.08.2020 12:25
VHOZ1 Index;29;3000;;25.08.2020 10:00
VHOZ1 Index;30;4750;;25.08.2020 11:55
VHOZ1 Index;29;5000;;25.08.2020 15:03
VHOZ1 Index;29;4000;;25.08.2020 16:49
VHOZ1 Index;30;100;;26.08.2020 15:35
VHOZ1 Index;29;3000;;31.08.2020 14:03
VHOZ1 Index;29;2000;;01.09.2020 12:38
VHOZ1 Index;28,5;1500;;01.09.2020 13:08
VHOZ1 Index;31;1;;02.09.2020 14:17
VHOZ1 Index;28;5000;;03.09.2020 17:00
VHOZ1 Index;28;5000;;07.09.2020 10:52
VHOZ1 Index;28;7000;;07.09.2020 11:04
VHOZ1 Index;27,5;5000;;08.09.2020 16:16
VHOZ1 Index;27,5;5000;;08.09.2020 16:17
VHOZ1 Index;27;5000;;09.09.2020 13:08
VHOZ1 Index;27;2000;;10.09.2020 10:37
VHOZ1 Index;27;1000;;10.09.2020 11:46
VHOZ1 Index;26,5;5000;;10.09.2020 17:53
VHOZ1 Index;27;2000;;10.09.2020 17:58
VHOZ1 Index;26;3000;;11.09.2020 12:16
VHOZ1 Index;26;3000;;11.09.2020 16:18
VHOZ1 Index;25;5000;;11.09.2020 17:13
VHOZ1 Index;25,5;5000;;11.09.2020 17:13
VHOZ1 Index;24,5;5000;;14.09.2020 10:03
VHOZ1 Index;25;3000;;14.09.2020 10:12
VHOZ1 Index;25;1000;;14.09.2020 11:26
VHOZ1 Index;24,5;300;;15.09.2020 17:45
VHOZ1 Index;23,5;3000;;16.09.2020 13:27
VHOZ1 Index;23,5;2000;;16.09.2020 14:14
VHOZ1 Index;23,5;2000;;16.09.2020 17:39
VHOZ1 Index;23,5;5000;;17.09.2020 18:18
VHOZ1 Index;24;200;;18.09.2020 10:21
VHOZ1 Index;23;7000;;18.09.2020 11:47
VHOZ1 Index;23;1500;;21.09.2020 11:44
VHOZ1 Index;23,5;1500;;21.09.2020 11:44
VHOZ1 Index;22,5;5000;;21.09.2020 17:42
VHOZ1 Index;23,5;200;;21.09.2020 17:50
VHOZ1 Index;23;5000;;22.09.2020 11:43
VHOZ1 Index;23;5000;;23.09.2020 11:16
VHOZ1 Index;23;5000;;24.09.2020 11:23
VHOZ1 Index;22,5;2000;;24.09.2020 15:55
VHOZ1 Index;22,5;2000;;25.09.2020 14:27
VHOZ1 Index;22,5;4000;;25.09.2020 17:36
VHOZ1 Index;23,5;500;;25.09.2020 17:48
VHOZ1 Index;22,5;5000;;28.09.2020 10:32
VHOZ1 Index;22,5;5000;;28.09.2020 14:59
VHOZ1 Index;22,5;3000;;28.09.2020 17:33
VHOZ1 Index;22,5;5000;;29.09.2020 11:45
VHOZ1 Index;23;100;;29.09.2020 12:45
VHOZ1 Index;23;2500;;02.10.2020 11:50
VHOZ1 Index;22,5;1500;;02.10.2020 15:27
VHOZ1 Index;22,5;2000;;05.10.2020 15:12
VHOZ1 Index;22,5;5000;;05.10.2020 16:22
VHOZ1 Index;22,5;4000;;05.10.2020 16:27
VHOZ1 Index;22,5;5000;;05.10.2020 17:09
VHOZ1 Index;22,5;2500;;05.10.2020 17:45
VHOZ1 Index;23,5;2000;;06.10.2020 09:44
VHOZ1 Index;22;3000;;06.10.2020 16:18
VHOZ1 Index;22;3000;;06.10.2020 16:26
VHOZ1 Index;22;2000;;06.10.2020 16:31
VHOZ1 Index;21,5;5000;;06.10.2020 17:37
VHOZ1 Index;22;4000;;07.10.2020 12:37
VHOZ1 Index;22;3000;;09.10.2020 11:42
VHOZ1 Index;22;2000;;09.10.2020 15:55
VHOZ1 Index;22;2000;;09.10.2020 16:44
VHOZ1 Index;22;2000;;09.10.2020 17:13
VHOZ1 Index;22,5;5000;;13.10.2020 12:36
VHOZ1 Index;23;2000;;13.10.2020 14:20
VHOZ1 Index;23,5;1000;;13.10.2020 14:28
VHOZ1 Index;23;5000;;13.10.2020 14:31
VHOZ1 Index;23,5;7000;;13.10.2020 15:03
VHOZ1 Index;23,5;3000;;13.10.2020 15:44
VHOZ1 Index;24,5;2000;;14.10.2020 10:26
VHOZ1 Index;24;2500;;14.10.2020 17:34
VHOZ1 Index;22,5;1000;;16.10.2020 16:19
VHOZ1 Index;22;100;;20.10.2020 15:38
VHOZ1 Index;22;10000;;20.10.2020 16:22
VHOZ1 Index;22;2500;;20.10.2020 16:49
VHOZ1 Index;22;2500;;20.10.2020 16:51
VHOZ1 Index;23;2000;;22.10.2020 17:47
VHOZ1 Index;22;500;;26.10.2020 11:37
VHOZ1 Index;22,5;500;;26.10.2020 11:38
VHOZ1 Index;22;500;;26.10.2020 15:38
VHOZ1 Index;22;100;;26.10.2020 17:01
VHOZ1 Index;23;2000;;27.10.2020 10:25
VHOZ1 Index;22;1000;;27.10.2020 14:47
VHOZ1 Index;21;10000;;28.10.2020 13:14
VHOZ1 Index;21;7000;;28.10.2020 13:52
VHOZ1 Index;21;5000;;28.10.2020 16:16
VHOZ1 Index;21,5;7000;;28.10.2020 16:17
VHOZ1 Index;21,5;3000;;28.10.2020 16:20
VHOZ1 Index;22,5;100;;28.10.2020 17:31
VHOZ1 Index;21;5000;;29.10.2020 10:24
VHOZ1 Index;21;5000;;29.10.2020 10:38
VHOZ1 Index;21;5000;;29.10.2020 10:44
VHOZ1 Index;21,5;5000;;29.10.2020 11:44
VHOZ1 Index;22;5000;;29.10.2020 12:24
VHOZ1 Index;22;350;;29.10.2020 12:30
VHOZ1 Index;22;200;;29.10.2020 12:32
VHOZ1 Index;22;2000;;29.10.2020 14:04
VHOZ1 Index;21,5;5000;;29.10.2020 15:42
VHOZ1 Index;22;5000;;30.10.2020 14:01
VHOZ1 Index;22;11000;;30.10.2020 14:01
VHOZ1 Index;22;2000;;30.10.2020 14:32
VHOZ1 Index;22,5;2000;;02.11.2020 10:33
VHOZ1 Index;22,5;5000;;02.11.2020 14:16
VHOZ1 Index;23;5000;;02.11.2020 14:54
VHOZ1 Index;23;5000;;02.11.2020 17:24
VHOZ1 Index;23;5000;;02.11.2020 17:26
VHOZ1 Index;23,5;5000;;03.11.2020 15:23
VHOZ1 Index;23,5;600;;03.11.2020 15:46
VHOZ2 Index;47;10000;;02.12.2019 17:29
VHOZ2 Index;46,5;5000;;04.12.2019 12:52
VHOZ2 Index;46,5;2000;;04.12.2019 13:19
VHOZ2 Index;46;2500;;10.12.2019 15:07
VHOZ2 Index;46,5;2500;;10.12.2019 15:07
VHOZ2 Index;46,5;2500;;11.12.2019 10:31
VHOZ2 Index;46;2500;;11.12.2019 10:31
VHOZ2 Index;46;3000;;11.12.2019 15:47
VHOZ2 Index;46,5;3000;;11.12.2019 15:53
VHOZ2 Index;46,5;2000;;11.12.2019 16:11
VHOZ2 Index;46,5;2000;;11.12.2019 16:14
VHOZ2 Index;46,5;3000;;12.12.2019 13:17
VHOZ2 Index;46,5;1000;;12.12.2019 14:05
VHOZ2 Index;47;3000;;13.12.2019 15:21
VHOZ2 Index;47;3000;;13.12.2019 16:00
VHOZ2 Index;46,5;1250;;17.12.2019 17:55
VHOZ2 Index;47;1250;;17.12.2019 17:55
VHOZ2 Index;47;3000;;18.12.2019 10:01
VHOZ2 Index;48;600;;20.12.2019 16:16
VHOZ2 Index;47,5;4000;;20.12.2019 17:15
VHOZ2 Index;46;5000;;07.01.2020 13:24
VHOZ2 Index;46;5000;;08.01.2020 13:33
VHOZ2 Index;46;3000;;08.01.2020 13:34
VHOZ2 Index;46;2000;;08.01.2020 13:52
VHOZ2 Index;45;200;;08.01.2020 15:56
VHOZ2 Index;45,5;200;;08.01.2020 15:56
VHOZ2 Index;46;5000;;08.01.2020 17:32
VHOZ2 Index;44,5;4000;;09.01.2020 14:04
VHOZ2 Index;44;126;;09.01.2020 17:05
VHOZ2 Index;44,5;125;;09.01.2020 17:05
VHOZ2 Index;44,5;3000;;13.01.2020 13:52
VHOZ2 Index;44,5;4000;;13.01.2020 17:15
VHOZ2 Index;44,5;3000;;13.01.2020 17:16
VHOZ2 Index;44;5000;;15.01.2020 10:34
VHOZ2 Index;44;2500;;15.01.2020 11:13
VHOZ2 Index;44;2000;;20.01.2020 13:40
VHOZ2 Index;44,5;2000;;20.01.2020 13:40
VHOZ2 Index;44;5000;;23.01.2020 10:24
VHOZ2 Index;44,5;4000;;24.01.2020 12:00
VHOZ2 Index;44,5;15000;;24.01.2020 12:40
VHOZ2 Index;44;600;;28.01.2020 14:49
VHOZ2 Index;45;1000;;31.01.2020 16:00
VHOZ2 Index;45,5;1000;;31.01.2020 16:00
VHOZ2 Index;45;2500;;31.01.2020 16:21
VHOZ2 Index;45,5;2500;;31.01.2020 16:21
VHOZ2 Index;46;2000;;03.02.2020 13:44
VHOZ2 Index;46;3000;;03.02.2020 13:44
VHOZ2 Index;44,5;1500;;05.02.2020 12:27
VHOZ2 Index;45;1500;;05.02.2020 12:27
VHOZ2 Index;45;5500;;05.02.2020 16:42
VHOZ2 Index;44;2500;;06.02.2020 14:33
VHOZ2 Index;44,5;2500;;06.02.2020 14:33
VHOZ2 Index;44;2500;;06.02.2020 14:42
VHOZ2 Index;44;1000;;06.02.2020 14:43
VHOZ2 Index;44,5;1000;;06.02.2020 14:43
VHOZ2 Index;43;5000;;11.02.2020 12:29
VHOZ2 Index;43;5000;;13.02.2020 10:17
VHOZ2 Index;43;5000;;13.02.2020 10:34
VHOZ2 Index;43,5;3000;;14.02.2020 13:06
VHOZ2 Index;44;3000;;14.02.2020 13:06
VHOZ2 Index;43,5;1000;;14.02.2020 13:20
VHOZ2 Index;44;1000;;14.02.2020 13:20
VHOZ2 Index;44;2000;;14.02.2020 16:32
VHOZ2 Index;44;2000;;14.02.2020 17:07
VHOZ2 Index;44,5;2500;;17.02.2020 12:58
VHOZ2 Index;45;2500;;17.02.2020 12:58
VHOZ2 Index;44,5;2500;;17.02.2020 13:20
VHOZ2 Index;45;2500;;17.02.2020 13:20
VHOZ2 Index;45;400;;19.02.2020 12:08
VHOZ2 Index;45;4000;;19.02.2020 12:42
VHOZ2 Index;45;5000;;19.02.2020 13:59
VHOZ2 Index;45;1000;;19.02.2020 15:18
VHOZ2 Index;46,5;3000;;25.02.2020 15:16
VHOZ2 Index;47;7500;;26.02.2020 14:28
VHOZ2 Index;47;3000;;26.02.2020 15:36
VHOZ2 Index;46,5;2500;;26.02.2020 17:05
VHOZ2 Index;47;2500;;26.02.2020 17:05
VHOZ2 Index;47;5000;;27.02.2020 12:33
VHOZ2 Index;47;9000;;27.02.2020 15:26
VHOZ2 Index;47,5;4470;;28.02.2020 09:50
VHOZ2 Index;47;2000;;28.02.2020 11:59
VHOZ2 Index;48,5;525;;28.02.2020 12:40
VHOZ2 Index;47;2000;;28.02.2020 12:59
VHOZ2 Index;47;1000;;28.02.2020 14:55
VHOZ2 Index;47;3000;;28.02.2020 16:12
VHOZ2 Index;47,5;5000;;28.02.2020 16:37
VHOZ2 Index;46;5900;;02.03.2020 09:26
VHOZ2 Index;46,5;6000;;02.03.2020 09:28
VHOZ2 Index;46,5;6000;;02.03.2020 11:31
VHOZ2 Index;46,5;5000;;02.03.2020 11:33
VHOZ2 Index;47,5;6000;;02.03.2020 12:44
VHOZ2 Index;46;7300;;03.03.2020 11:01
VHOZ2 Index;46,5;7400;;04.03.2020 09:48
VHOZ2 Index;45,5;2500;;04.03.2020 12:51
VHOZ2 Index;46;2500;;04.03.2020 12:51
VHOZ2 Index;47,5;1500;;05.03.2020 13:59
VHOZ2 Index;47;1500;;05.03.2020 13:59
VHOZ2 Index;50;2000;;06.03.2020 11:51
VHOZ2 Index;51,5;3000;;06.03.2020 13:40
VHOZ2 Index;52;150;;06.03.2020 14:28
VHOZ2 Index;53;4000;;06.03.2020 14:40
VHOZ2 Index;50;10;;06.03.2020 15:59
VHOZ2 Index;51;2000;;06.03.2020 17:30
VHOZ2 Index;54;5000;;09.03.2020 16:03
VHOZ2 Index;53;160;;11.03.2020 14:06
VHOZ2 Index;55;3000;;11.03.2020 17:50
VHOZ2 Index;60;2000;;12.03.2020 12:45
VHOZ2 Index;60,5;3000;;12.03.2020 18:26
VHOZ2 Index;60,5;3000;;12.03.2020 18:33
VHOZ2 Index;56,5;8000;;13.03.2020 13:06
VHOZ2 Index;66;5000;;16.03.2020 15:42
VHOZ2 Index;70;2951;;16.03.2020 16:50
VHOZ2 Index;63;2500;;17.03.2020 10:22
VHOZ2 Index;63;2000;;17.03.2020 12:51
VHOZ2 Index;60;5000;;17.03.2020 13:15
VHOZ2 Index;38;5000;;18.03.2020 16:38
VHOZ2 Index;35;4000;;18.03.2020 17:30
VHOZ2 Index;50;11000;;19.03.2020 10:40
VHOZ2 Index;48;5000;;19.03.2020 11:45
VHOZ2 Index;42;3000;;19.03.2020 11:47
VHOZ2 Index;44;2000;;19.03.2020 11:54
VHOZ2 Index;45;5051;;19.03.2020 11:57
VHOZ2 Index;41;3500;;25.03.2020 16:40
VHOZ2 Index;36,5;5000;;26.03.2020 16:39
VHOZ2 Index;40;400;;27.03.2020 16:41
VHOZ2 Index;35;5000;;30.03.2020 17:42
VHOZ2 Index;35;5000;;30.03.2020 17:42
VHOZ2 Index;35;8000;;02.04.2020 12:34
VHOZ2 Index;35;10000;;02.04.2020 13:08
VHOZ2 Index;38;3000;;03.04.2020 13:14
VHOZ2 Index;38;4000;;03.04.2020 14:40
VHOZ2 Index;38;5000;;03.04.2020 14:46
VHOZ2 Index;38;3000;;03.04.2020 15:14
VHOZ2 Index;38;1000;;03.04.2020 15:22
VHOZ2 Index;40;1000;;03.04.2020 15:28
VHOZ2 Index;42;5000;;06.04.2020 16:15
VHOZ2 Index;41;200;;07.04.2020 10:06
VHOZ2 Index;43;200;;08.04.2020 11:59
VHOZ2 Index;47;5000;;08.04.2020 12:41
VHOZ2 Index;47;3000;;08.04.2020 13:38
VHOZ2 Index;47,5;5000;;08.04.2020 15:19
VHOZ2 Index;48;5000;;09.04.2020 16:43
VHOZ2 Index;48;5000;;09.04.2020 16:47
VHOZ2 Index;48;5000;;09.04.2020 16:57
VHOZ2 Index;49;5000;;17.04.2020 12:02
VHOZ2 Index;48;5000;;17.04.2020 13:59
VHOZ2 Index;49;5000;;17.04.2020 14:06
VHOZ2 Index;48;5000;;17.04.2020 14:34
VHOZ2 Index;48;2000;;22.04.2020 12:04
VHOZ2 Index;49,5;5000;;22.04.2020 13:23
VHOZ2 Index;54;1;;24.04.2020 16:58
VHOZ2 Index;47;5000;;28.04.2020 13:19
VHOZ2 Index;47;5000;;28.04.2020 13:35
VHOZ2 Index;46;100;;28.04.2020 13:37
VHOZ2 Index;47;3000;;29.04.2020 13:06
VHOZ2 Index;48;4000;;30.04.2020 11:44
VHOZ2 Index;48,5;2500;;04.05.2020 15:49
VHOZ2 Index;48;2000;;05.05.2020 11:49
VHOZ2 Index;48;4000;;05.05.2020 11:49
VHOZ2 Index;48,5;5000;;05.05.2020 11:56
VHOZ2 Index;48;5000;;05.05.2020 15:22
VHOZ2 Index;48;5000;;05.05.2020 16:30
VHOZ2 Index;48;5000;;05.05.2020 16:56
VHOZ2 Index;49,5;500;;06.05.2020 13:08
VHOZ2 Index;49,5;2500;;06.05.2020 16:47
VHOZ2 Index;50;5000;;06.05.2020 16:56
VHOZ2 Index;49,5;2000;;06.05.2020 17:02
VHOZ2 Index;50;2000;;06.05.2020 17:23
VHOZ2 Index;51,5;3000;;08.05.2020 14:05
VHOZ2 Index;52,5;4000;;08.05.2020 15:11
VHOZ2 Index;52,5;3000;;08.05.2020 15:18
VHOZ2 Index;52;2000;;08.05.2020 15:23
VHOZ2 Index;51,5;2500;;11.05.2020 15:05
VHOZ2 Index;51,5;5000;;11.05.2020 15:08
VHOZ2 Index;51,5;5000;;11.05.2020 15:27
VHOZ2 Index;53,5;4000;;13.05.2020 15:23
VHOZ2 Index;54;2000;;14.05.2020 10:47
VHOZ2 Index;55;250;;14.05.2020 15:43
VHOZ2 Index;52,5;2000;;18.05.2020 16:57
VHOZ2 Index;52,5;1000;;18.05.2020 17:02
VHOZ2 Index;52,5;1000;;19.05.2020 18:55
VHOZ2 Index;53;1000;;19.05.2020 18:55
VHOZ2 Index;52;10000;;20.05.2020 11:22
VHOZ2 Index;52;5000;;20.05.2020 11:22
VHOZ2 Index;52;17000;;20.05.2020 11:33
VHOZ2 Index;52;2000;;20.05.2020 11:42
VHOZ2 Index;52;3000;;20.05.2020 11:49
VHOZ2 Index;53,5;1000;;20.05.2020 17:06
VHOZ2 Index;54;3000;;21.05.2020 10:45
VHOZ2 Index;56,5;3000;;22.05.2020 11:55
VHOZ2 Index;56;5000;;22.05.2020 17:04
VHOZ2 Index;55;800;;22.05.2020 17:28
VHOZ2 Index;55,5;3200;;22.05.2020 17:28
VHOZ2 Index;55,5;1750;;25.05.2020 11:33
VHOZ2 Index;56;1750;;25.05.2020 11:34
VHOZ2 Index;55;3500;;26.05.2020 10:57
VHOZ2 Index;54;3500;;27.05.2020 11:32
VHOZ2 Index;53;3500;;28.05.2020 10:55
VHOZ2 Index;53;1000;;28.05.2020 11:07
VHOZ2 Index;52,5;5000;;28.05.2020 11:27
VHOZ2 Index;52,5;4000;;28.05.2020 11:58
VHOZ2 Index;52,5;3500;;29.05.2020 11:03
VHOZ2 Index;53;6000;;29.05.2020 11:26
VHOZ2 Index;52;3000;;29.05.2020 16:41
VHOZ2 Index;52;2000;;29.05.2020 17:19
VHOZ2 Index;52;3000;;29.05.2020 17:22
VHOZ2 Index;52,5;3500;;01.06.2020 10:56
VHOZ2 Index;52;5000;;01.06.2020 13:09
VHOZ2 Index;52;2000;;01.06.2020 14:57
VHOZ2 Index;52;4000;;02.06.2020 11:02
VHOZ2 Index;52,5;4000;;02.06.2020 11:03
VHOZ2 Index;52;5000;;02.06.2020 11:56
VHOZ2 Index;52,5;100;;02.06.2020 17:42
VHOZ2 Index;51,5;6000;;03.06.2020 10:59
VHOZ2 Index;51,5;4000;;03.06.2020 11:55
VHOZ2 Index;49,5;5000;;03.06.2020 14:55
VHOZ2 Index;50;1500;;03.06.2020 15:01
VHOZ2 Index;49,5;6000;;03.06.2020 17:25
VHOZ2 Index;49,5;5000;;04.06.2020 16:11
VHOZ2 Index;49,5;2000;;04.06.2020 16:37
VHOZ2 Index;49,5;8000;;04.06.2020 16:53
VHOZ2 Index;48,5;5000;;05.06.2020 11:16
VHOZ2 Index;47;2000;;08.06.2020 10:39
VHOZ2 Index;48;5000;;09.06.2020 17:26
VHOZ2 Index;47,5;6000;;09.06.2020 18:10
VHOZ2 Index;47,5;3000;;10.06.2020 10:59
VHOZ2 Index;47,5;3000;;10.06.2020 10:59
VHOZ2 Index;47;2000;;10.06.2020 12:32
VHOZ2 Index;47,5;1000;;10.06.2020 14:09
VHOZ2 Index;47;1000;;10.06.2020 14:09
VHOZ2 Index;47;5000;;10.06.2020 16:06
VHOZ2 Index;47,5;2000;;11.06.2020 11:45
VHOZ2 Index;47,5;5000;;11.06.2020 11:48
VHOZ2 Index;47,5;3000;;11.06.2020 14:38
VHOZ2 Index;47;4000;;11.06.2020 17:15
VHOZ2 Index;48;5000;;15.06.2020 09:12
VHOZ2 Index;46;200;;16.06.2020 10:50
VHOZ2 Index;44;2500;;16.06.2020 13:50
VHOZ2 Index;46;5000;;17.06.2020 16:52
VHOZ2 Index;41;5000;;19.06.2020 15:31
VHOZ2 Index;41;6000;;22.06.2020 15:18
VHOZ2 Index;41;2000;;22.06.2020 15:38
VHOZ2 Index;41;5000;;22.06.2020 15:58
VHOZ2 Index;40;6000;;23.06.2020 12:13
VHOZ2 Index;41,5;5000;;23.06.2020 16:36
VHOZ2 Index;41,5;5000;;23.06.2020 16:39
VHOZ2 Index;41;2500;;25.06.2020 17:33
VHOZ2 Index;41,5;5000;;29.06.2020 12:20
VHOZ2 Index;41,5;10000;;29.06.2020 12:28
VHOZ2 Index;41,5;3000;;30.06.2020 11:14
VHOZ2 Index;42;3000;;30.06.2020 11:14
VHOZ2 Index;41;5000;;01.07.2020 17:45
VHOZ2 Index;40;3000;;02.07.2020 16:21
VHOZ2 Index;40;5000;;02.07.2020 17:43
VHOZ2 Index;40;2000;;02.07.2020 17:47
VHOZ2 Index;40,5;500;;03.07.2020 12:05
VHOZ2 Index;41;500;;03.07.2020 12:05
VHOZ2 Index;40,5;2000;;03.07.2020 17:35
VHOZ2 Index;42;5000;;08.07.2020 10:40
VHOZ2 Index;43;8000;;08.07.2020 18:11
VHOZ2 Index;42,5;5000;;09.07.2020 16:41
VHOZ2 Index;42,5;10000;;09.07.2020 17:32
VHOZ2 Index;42,5;100;;17.07.2020 14:28
VHOZ2 Index;42,5;3000;;17.07.2020 14:44
VHOZ2 Index;42,5;2000;;17.07.2020 15:18
VHOZ2 Index;41,5;1500;;21.07.2020 11:23
VHOZ2 Index;42;1500;;21.07.2020 11:24
VHOZ2 Index;41;5000;;21.07.2020 15:23
VHOZ2 Index;41;4000;;27.07.2020 13:08
VHOZ2 Index;41;4000;;27.07.2020 13:08
VHOZ2 Index;41,5;2400;;28.07.2020 10:59
VHOZ2 Index;41;600;;28.07.2020 10:59
VHOZ2 Index;41;5000;;29.07.2020 12:32
VHOZ2 Index;41;2500;;31.07.2020 10:58
VHOZ2 Index;41,5;2500;;31.07.2020 10:58
VHOZ2 Index;41,5;5000;;03.08.2020 16:35
VHOZ2 Index;41;2000;;04.08.2020 16:39
VHOZ2 Index;40,5;3000;;04.08.2020 16:40
VHOZ2 Index;40,5;2000;;07.08.2020 10:52
VHOZ2 Index;40,5;5000;;07.08.2020 15:08
VHOZ2 Index;39,5;5000;;12.08.2020 10:28
VHOZ2 Index;39;5000;;17.08.2020 12:53
VHOZ2 Index;38,5;4000;;19.08.2020 10:14
VHOZ2 Index;38,5;5000;;19.08.2020 12:58
VHOZ2 Index;38,5;5000;;20.08.2020 11:58
VHOZ2 Index;38,5;5000;;21.08.2020 15:06
VHOZ2 Index;38,5;9500;;25.08.2020 11:55
VHOZ2 Index;38;4000;;25.08.2020 16:49
VHOZ2 Index;37,5;3750;;27.08.2020 11:41
VHOZ2 Index;37,5;640;;27.08.2020 11:48
VHOZ2 Index;37,5;6000;;27.08.2020 14:11
VHOZ2 Index;37;5000;;03.09.2020 13:41
VHOZ2 Index;37;1000;;03.09.2020 17:25
VHOZ2 Index;37,5;3000;;03.09.2020 17:30
VHOZ2 Index;37,5;1000;;04.09.2020 16:44
VHOZ2 Index;37;2500;;09.09.2020 12:25
VHOZ2 Index;36,5;1000;;09.09.2020 15:29
VHOZ2 Index;36,5;2000;;09.09.2020 16:23
VHOZ2 Index;37;5000;;09.09.2020 16:28
VHOZ2 Index;37,5;1000;;10.09.2020 17:27
VHOZ2 Index;33,5;3000;;16.09.2020 13:27
VHOZ2 Index;33,5;10000;;16.09.2020 13:41
VHOZ2 Index;33,5;2000;;16.09.2020 15:59
VHOZ2 Index;34;2000;;16.09.2020 15:59
VHOZ2 Index;34;7000;;16.09.2020 17:40
VHOZ2 Index;34,5;5000;;17.09.2020 18:18
VHOZ2 Index;33,5;3000;;18.09.2020 10:17
VHOZ2 Index;33,5;5000;;18.09.2020 11:19
VHOZ2 Index;33,5;2000;;18.09.2020 11:25
VHOZ2 Index;33,5;2000;;18.09.2020 11:34
VHOZ2 Index;34;5000;;18.09.2020 12:34
VHOZ2 Index;34;5000;;18.09.2020 12:53
VHOZ2 Index;34;3000;;21.09.2020 10:43
VHOZ2 Index;34;3000;;21.09.2020 11:41
VHOZ2 Index;34;2000;;21.09.2020 11:46
VHOZ2 Index;33,5;5000;;21.09.2020 17:42
VHOZ2 Index;33,5;2500;;23.09.2020 11:16
VHOZ2 Index;34;2500;;23.09.2020 11:17
VHOZ2 Index;33,5;5000;;24.09.2020 11:23
VHOZ2 Index;33,5;1000;;25.09.2020 16:13
VHOZ2 Index;33,5;500;;25.09.2020 17:48
VHOZ2 Index;33;5000;;29.09.2020 11:45
VHOZ2 Index;33;3000;;29.09.2020 11:55
VHOZ2 Index;33;5000;;02.10.2020 12:14
VHOZ2 Index;33;2000;;02.10.2020 12:57
VHOZ2 Index;33;2000;;02.10.2020 17:06
VHOZ2 Index;33;2000;;02.10.2020 17:25
VHOZ2 Index;32;5000;;05.10.2020 16:23
VHOZ2 Index;32;4000;;05.10.2020 16:27
VHOZ2 Index;32,5;2500;;05.10.2020 17:47
VHOZ2 Index;32;3000;;06.10.2020 12:32
VHOZ2 Index;32;3000;;06.10.2020 13:40
VHOZ2 Index;32;5000;;07.10.2020 12:39
VHOZ2 Index;31,5;2000;;07.10.2020 14:16
VHOZ2 Index;31,5;1000;;07.10.2020 14:22
VHOZ2 Index;31,5;2000;;07.10.2020 15:36
VHOZ2 Index;32;5000;;09.10.2020 16:53
VHOZ2 Index;33;5000;;13.10.2020 14:21
VHOZ2 Index;33;1000;;13.10.2020 14:27
VHOZ2 Index;33;2000;;13.10.2020 14:34
VHOZ2 Index;33;5000;;13.10.2020 14:46
VHOZ2 Index;33;7000;;14.10.2020 11:31
VHOZ2 Index;33;1250;;14.10.2020 17:36
VHOZ2 Index;33,5;1250;;14.10.2020 17:37
VHOZ2 Index;33;5000;;15.10.2020 11:14
VHOZ2 Index;33;2000;;15.10.2020 11:41
VHOZ2 Index;32,5;1000;;15.10.2020 16:14
VHOZ2 Index;31,5;15000;;20.10.2020 12:08
VHOZ2 Index;31,5;2000;;21.10.2020 17:49
VHOZ2 Index;31,5;2000;;21.10.2020 17:54
VHOZ2 Index;31,5;3000;;26.10.2020 15:40
VHOZ2 Index;31;5000;;28.10.2020 12:45
VHOZ2 Index;31,5;4000;;29.10.2020 10:46
VHOZ2 Index;31;2000;;29.10.2020 11:20
VHOZ2 Index;33;5000;;29.10.2020 17:12
VHOZ2 Index;32,5;5000;;02.11.2020 13:59
VHOZ3 Index;52;5000;;02.12.2019 11:36
VHOZ3 Index;53;10000;;02.12.2019 17:28
VHOZ3 Index;52;2500;;05.12.2019 12:08
VHOZ3 Index;51,5;1000;;10.12.2019 12:45
VHOZ3 Index;51,5;2000;;10.12.2019 12:46
VHOZ3 Index;51,5;1500;;13.12.2019 13:19
VHOZ3 Index;52;1500;;13.12.2019 13:19
VHOZ3 Index;52;7000;;19.12.2019 11:38
VHOZ3 Index;52;5000;;20.12.2019 17:15
VHOZ3 Index;51;1000;;06.01.2020 17:50
VHOZ3 Index;51,5;2500;;07.01.2020 10:34
VHOZ3 Index;51,5;1000;;07.01.2020 11:14
VHOZ3 Index;52,5;5000;;08.01.2020 13:40
VHOZ3 Index;52,5;5000;;08.01.2020 14:42
VHOZ3 Index;50,5;2500;;09.01.2020 13:51
VHOZ3 Index;51;2500;;09.01.2020 13:51
VHOZ3 Index;50,5;1000;;09.01.2020 15:37
VHOZ3 Index;50,5;4000;;09.01.2020 15:38
VHOZ3 Index;51;4000;;09.01.2020 16:05
VHOZ3 Index;50;186;;09.01.2020 17:06
VHOZ3 Index;50,5;186;;09.01.2020 17:06
VHOZ3 Index;50,5;1000;;09.01.2020 17:55
VHOZ3 Index;50,5;2500;;10.01.2020 15:14
VHOZ3 Index;50;2500;;10.01.2020 15:14
VHOZ3 Index;50;3000;;13.01.2020 11:37
VHOZ3 Index;50;3000;;13.01.2020 14:01
VHOZ3 Index;49,5;375;;13.01.2020 14:38
VHOZ3 Index;50;375;;13.01.2020 14:38
VHOZ3 Index;49,5;2500;;13.01.2020 17:39
VHOZ3 Index;50;2500;;13.01.2020 17:40
VHOZ3 Index;49,5;2500;;14.01.2020 11:01
VHOZ3 Index;50;2500;;14.01.2020 11:01
VHOZ3 Index;50;7000;;14.01.2020 13:28
VHOZ3 Index;50;5000;;14.01.2020 14:14
VHOZ3 Index;50;5000;;14.01.2020 14:36
VHOZ3 Index;50;2500;;14.01.2020 15:48
VHOZ3 Index;50;2500;;14.01.2020 16:25
VHOZ3 Index;49,5;3000;;16.01.2020 11:04
VHOZ3 Index;49;3000;;20.01.2020 13:26
VHOZ3 Index;49;4000;;20.01.2020 13:40
VHOZ3 Index;50;7000;;24.01.2020 14:21
VHOZ3 Index;50;5000;;24.01.2020 15:42
VHOZ3 Index;49,5;2500;;27.01.2020 11:57
VHOZ3 Index;50;2500;;27.01.2020 11:57
VHOZ3 Index;50;3000;;27.01.2020 13:03
VHOZ3 Index;49,5;3000;;30.01.2020 17:17
VHOZ3 Index;50;2000;;31.01.2020 11:44
VHOZ3 Index;51;1500;;03.02.2020 10:43
VHOZ3 Index;51;1500;;03.02.2020 10:58
VHOZ3 Index;50;3000;;04.02.2020 12:32
VHOZ3 Index;49,5;2500;;05.02.2020 12:45
VHOZ3 Index;49,5;2500;;05.02.2020 12:51
VHOZ3 Index;48,5;2500;;10.02.2020 14:56
VHOZ3 Index;49,5;800;;20.02.2020 16:43
VHOZ3 Index;50;1200;;20.02.2020 16:44
VHOZ3 Index;51,5;1000;;24.02.2020 15:12
VHOZ3 Index;51,5;1000;;24.02.2020 16:10
VHOZ3 Index;51;2000;;25.02.2020 11:15
VHOZ3 Index;51,5;2000;;25.02.2020 11:15
VHOZ3 Index;53;5000;;26.02.2020 14:05
VHOZ3 Index;53;3000;;26.02.2020 15:36
VHOZ3 Index;53;2500;;27.02.2020 11:54
VHOZ3 Index;55;3000;;28.02.2020 11:30
VHOZ3 Index;54,5;6000;;28.02.2020 11:37
VHOZ3 Index;53,5;2500;;28.02.2020 13:44
VHOZ3 Index;54;2500;;28.02.2020 13:44
VHOZ3 Index;54,5;2000;;28.02.2020 17:22
VHOZ3 Index;54,5;2000;;28.02.2020 17:36
VHOZ3 Index;54,5;200;;02.03.2020 12:46
VHOZ3 Index;55;800;;02.03.2020 12:47
VHOZ3 Index;54;3000;;02.03.2020 14:34
VHOZ3 Index;53,5;4000;;03.03.2020 12:08
VHOZ3 Index;53;3000;;03.03.2020 13:40
VHOZ3 Index;52;1000;;04.03.2020 12:45
VHOZ3 Index;52;1000;;04.03.2020 12:46
VHOZ3 Index;52;1000;;04.03.2020 12:47
VHOZ3 Index;52;750;;04.03.2020 16:24
VHOZ3 Index;52,5;2000;;05.03.2020 11:12
VHOZ3 Index;56;2000;;06.03.2020 11:49
VHOZ3 Index;56;3000;;06.03.2020 11:50
VHOZ3 Index;57;2000;;06.03.2020 11:57
VHOZ3 Index;59;5000;;06.03.2020 14:10
VHOZ3 Index;59,5;5000;;06.03.2020 14:14
VHOZ3 Index;58;150;;06.03.2020 14:17
VHOZ3 Index;59,5;10000;;06.03.2020 15:12
VHOZ3 Index;60,5;5000;;06.03.2020 16:32
VHOZ3 Index;59,5;5000;;06.03.2020 17:35
VHOZ3 Index;65;2500;;09.03.2020 16:30
VHOZ3 Index;64;3000;;09.03.2020 17:50
VHOZ3 Index;60;2000;;10.03.2020 15:22
VHOZ3 Index;60;1000;;10.03.2020 16:28
VHOZ3 Index;62;160;;11.03.2020 14:06
VHOZ3 Index;67;8000;;12.03.2020 12:45
VHOZ3 Index;67;2000;;12.03.2020 12:45
VHOZ3 Index;65;10;;12.03.2020 15:52
VHOZ3 Index;67;10;;12.03.2020 15:52
VHOZ3 Index;73;7000;;12.03.2020 16:48
VHOZ3 Index;70;7500;;13.03.2020 17:37
VHOZ3 Index;70;7500;;13.03.2020 17:37
VHOZ3 Index;81;4372;;16.03.2020 16:50
VHOZ3 Index;68;5000;;17.03.2020 13:48
VHOZ3 Index;64;5000;;18.03.2020 09:55
VHOZ3 Index;56;2530;;18.03.2020 16:28
VHOZ3 Index;57;11500;;19.03.2020 10:11
VHOZ3 Index;54;5000;;20.03.2020 11:24
VHOZ3 Index;60;5000;;23.03.2020 12:25
VHOZ3 Index;62;2000;;23.03.2020 14:24
VHOZ3 Index;62;5000;;23.03.2020 14:46
VHOZ3 Index;50;5000;;25.03.2020 11:21
VHOZ3 Index;57;2000;;26.03.2020 11:33
VHOZ3 Index;57;1100;;26.03.2020 12:01
VHOZ3 Index;57;1500;;26.03.2020 12:05
VHOZ3 Index;57;1000;;26.03.2020 12:08
VHOZ3 Index;46;3000;;31.03.2020 12:37
VHOZ3 Index;46;2000;;31.03.2020 12:37
VHOZ3 Index;46;1000;;31.03.2020 12:42
VHOZ3 Index;46;6000;;31.03.2020 12:58
VHOZ3 Index;46;5000;;31.03.2020 15:22
VHOZ3 Index;46;10000;;31.03.2020 15:24
VHOZ3 Index;46;5000;;31.03.2020 17:25
VHOZ3 Index;49;1500;;01.04.2020 14:36
VHOZ3 Index;48;8000;;02.04.2020 12:53
VHOZ3 Index;49;2500;;02.04.2020 16:30
VHOZ3 Index;56;4000;;07.04.2020 17:31
VHOZ3 Index;58;5000;;08.04.2020 18:27
VHOZ3 Index;57,5;5000;;17.04.2020 12:58
VHOZ3 Index;58;2500;;20.04.2020 16:30
VHOZ3 Index;58;15000;;21.04.2020 12:59
VHOZ3 Index;58;5000;;21.04.2020 13:35
VHOZ3 Index;58;4000;;05.05.2020 11:48
VHOZ3 Index;59;900;;06.05.2020 13:08
VHOZ3 Index;60;2500;;06.05.2020 16:29
VHOZ3 Index;60;2000;;06.05.2020 16:45
VHOZ3 Index;60;2500;;06.05.2020 16:59
VHOZ3 Index;60;2000;;06.05.2020 17:02
VHOZ3 Index;60;4000;;06.05.2020 17:13
VHOZ3 Index;60;1000;;06.05.2020 17:14
VHOZ3 Index;59;500;;11.05.2020 10:42
VHOZ3 Index;63;6000;;13.05.2020 11:52
VHOZ3 Index;65;1000;;14.05.2020 10:59
VHOZ3 Index;65;2000;;14.05.2020 11:10
VHOZ3 Index;66;2500;;14.05.2020 15:49
VHOZ3 Index;66;2500;;14.05.2020 15:57
VHOZ3 Index;66;1000;;14.05.2020 16:53
VHOZ3 Index;65;2000;;15.05.2020 12:52
VHOZ3 Index;66;3000;;15.05.2020 14:11
VHOZ3 Index;63;1000;;19.05.2020 17:39
VHOZ3 Index;65;2000;;20.05.2020 13:35
VHOZ3 Index;65;5000;;20.05.2020 13:38
VHOZ3 Index;64;3000;;21.05.2020 10:45
VHOZ3 Index;65,5;2000;;21.05.2020 15:59
VHOZ3 Index;66;2000;;21.05.2020 15:59
VHOZ3 Index;65,5;3000;;22.05.2020 11:54
VHOZ3 Index;65;3000;;25.05.2020 11:24
VHOZ3 Index;65;500;;25.05.2020 11:35
VHOZ3 Index;63;875;;26.05.2020 10:55
VHOZ3 Index;64;2625;;26.05.2020 10:55
VHOZ3 Index;64,5;3000;;26.05.2020 13:03
VHOZ3 Index;64,5;2000;;26.05.2020 15:01
VHOZ3 Index;63,5;2500;;26.05.2020 16:06
VHOZ3 Index;63,5;2500;;26.05.2020 16:49
VHOZ3 Index;63,5;3000;;26.05.2020 17:09
VHOZ3 Index;62,5;3500;;27.05.2020 11:29
VHOZ3 Index;62;2000;;27.05.2020 16:20
VHOZ3 Index;60,5;3500;;28.05.2020 10:55
VHOZ3 Index;60,5;1500;;28.05.2020 12:55
VHOZ3 Index;60;1500;;28.05.2020 12:56
VHOZ3 Index;60,5;4000;;28.05.2020 13:40
VHOZ3 Index;60,5;2000;;28.05.2020 15:42
VHOZ3 Index;61;3500;;29.05.2020 10:58
VHOZ3 Index;61;750;;29.05.2020 17:40
VHOZ3 Index;59,5;3500;;01.06.2020 10:56
VHOZ3 Index;60,5;2000;;01.06.2020 12:20
VHOZ3 Index;60;7500;;01.06.2020 13:47
VHOZ3 Index;59;7500;;02.06.2020 11:43
VHOZ3 Index;59,5;7500;;02.06.2020 11:45
VHOZ3 Index;57,5;10000;;03.06.2020 11:52
VHOZ3 Index;57,5;2500;;03.06.2020 12:10
VHOZ3 Index;56,5;2000;;03.06.2020 15:57
VHOZ3 Index;56;5000;;04.06.2020 15:58
VHOZ3 Index;56;5000;;04.06.2020 16:11
VHOZ3 Index;56;5000;;04.06.2020 16:15
VHOZ3 Index;56;3500;;04.06.2020 16:17
VHOZ3 Index;55;2250;;05.06.2020 10:55
VHOZ3 Index;55,5;2250;;05.06.2020 10:56
VHOZ3 Index;54,5;2000;;05.06.2020 11:15
VHOZ3 Index;54;4000;;05.06.2020 11:19
VHOZ3 Index;54,5;2000;;05.06.2020 11:25
VHOZ3 Index;54,5;4000;;05.06.2020 12:08
VHOZ3 Index;54;1000;;05.06.2020 14:11
VHOZ3 Index;53;750;;08.06.2020 10:34
VHOZ3 Index;54;250;;08.06.2020 10:36
VHOZ3 Index;54;5000;;08.06.2020 12:18
VHOZ3 Index;54,5;8000;;08.06.2020 17:56
VHOZ3 Index;55;3000;;09.06.2020 15:25
VHOZ3 Index;55,5;20000;;09.06.2020 15:36
VHOZ3 Index;55;4000;;09.06.2020 17:19
VHOZ3 Index;55;7500;;09.06.2020 17:34
VHOZ3 Index;55;2000;;10.06.2020 16:21
VHOZ3 Index;58;1800;;11.06.2020 15:41
VHOZ3 Index;50,5;3000;;19.06.2020 17:13
VHOZ3 Index;51;5000;;22.06.2020 17:00
VHOZ3 Index;51;3000;;22.06.2020 17:12
VHOZ3 Index;50;2500;;23.06.2020 15:45
VHOZ3 Index;50,5;2500;;23.06.2020 15:45
VHOZ3 Index;50,5;5000;;23.06.2020 16:19
VHOZ3 Index;50,5;5000;;24.06.2020 15:30
VHOZ3 Index;52;1000;;25.06.2020 10:22
VHOZ3 Index;52;5000;;25.06.2020 10:55
VHOZ3 Index;52;2000;;25.06.2020 11:28
VHOZ3 Index;52;8000;;25.06.2020 11:37
VHOZ3 Index;52;2000;;26.06.2020 10:45
VHOZ3 Index;52;3000;;26.06.2020 11:14
VHOZ3 Index;52;1000;;26.06.2020 11:27
VHOZ3 Index;52;5000;;26.06.2020 15:10
VHOZ3 Index;52;2000;;26.06.2020 17:24
VHOZ3 Index;51;2000;;29.06.2020 15:32
VHOZ3 Index;51;2000;;29.06.2020 15:33
VHOZ3 Index;51;3000;;29.06.2020 15:46
VHOZ3 Index;50,5;7500;;01.07.2020 15:35
VHOZ3 Index;50;200;;02.07.2020 12:55
VHOZ3 Index;50;5000;;02.07.2020 13:23
VHOZ3 Index;50;1000;;02.07.2020 14:22
VHOZ3 Index;49,5;1000;;02.07.2020 14:55
VHOZ3 Index;49,5;3000;;02.07.2020 16:02
VHOZ3 Index;49,5;3500;;02.07.2020 16:21
VHOZ3 Index;50;3500;;02.07.2020 16:21
VHOZ3 Index;50,5;2000;;03.07.2020 12:59
VHOZ3 Index;50;5000;;03.07.2020 16:31
VHOZ3 Index;49,5;5000;;06.07.2020 17:23
VHOZ3 Index;49;5000;;06.07.2020 17:23
VHOZ3 Index;49,5;3000;;07.07.2020 11:41
VHOZ3 Index;49,5;3000;;07.07.2020 11:52
VHOZ3 Index;49,5;3000;;07.07.2020 13:02
VHOZ3 Index;50,5;5000;;09.07.2020 15:48
VHOZ3 Index;50,5;5000;;09.07.2020 16:01
VHOZ3 Index;50,5;1500;;10.07.2020 15:54
VHOZ3 Index;50;1500;;10.07.2020 15:54
VHOZ3 Index;50;2500;;14.07.2020 16:34
VHOZ3 Index;50,5;2500;;14.07.2020 16:34
VHOZ3 Index;51;2000;;15.07.2020 16:22
VHOZ3 Index;49,5;4000;;21.07.2020 15:29
VHOZ3 Index;49,5;1000;;21.07.2020 15:46
VHOZ3 Index;49,5;10000;;21.07.2020 15:46
VHOZ3 Index;49,5;3000;;21.07.2020 17:36
VHOZ3 Index;50;3000;;24.07.2020 10:58
VHOZ3 Index;50,5;3000;;24.07.2020 11:15
VHOZ3 Index;50;2000;;29.07.2020 11:01
VHOZ3 Index;50;2500;;30.07.2020 12:05
VHOZ3 Index;50;5000;;30.07.2020 13:33
VHOZ3 Index;51;2000;;30.07.2020 16:41
VHOZ3 Index;51;5000;;30.07.2020 16:42
VHOZ3 Index;50;5000;;06.08.2020 15:53
VHOZ3 Index;48;2000;;12.08.2020 16:34
VHOZ3 Index;47;3000;;19.08.2020 13:48
VHOZ3 Index;47,5;10000;;19.08.2020 17:43
VHOZ3 Index;47;5000;;19.08.2020 17:47
VHOZ3 Index;46;5000;;21.08.2020 15:06
VHOZ3 Index;46;2500;;24.08.2020 12:25
VHOZ3 Index;45,5;2500;;24.08.2020 12:25
VHOZ3 Index;46;4750;;25.08.2020 11:55
VHOZ3 Index;46;2500;;25.08.2020 17:02
VHOZ3 Index;45,5;3750;;27.08.2020 11:45
VHOZ3 Index;45,5;640;;27.08.2020 11:48
VHOZ3 Index;46;3000;;28.08.2020 17:14
VHOZ3 Index;46;7500;;31.08.2020 11:32
VHOZ3 Index;46;3000;;04.09.2020 17:13
VHOZ3 Index;45,5;10000;;07.09.2020 11:46
VHOZ3 Index;45;3000;;08.09.2020 12:59
VHOZ3 Index;45,5;5000;;08.09.2020 16:14
VHOZ3 Index;45,5;5000;;08.09.2020 16:14
VHOZ3 Index;45,5;2500;;09.09.2020 12:25
VHOZ3 Index;45;2500;;09.09.2020 13:09
VHOZ3 Index;45,5;2500;;09.09.2020 13:10
VHOZ3 Index;45;20000;;09.09.2020 13:38
VHOZ3 Index;45;4000;;09.09.2020 14:08
VHOZ3 Index;43,5;10000;;14.09.2020 17:15
VHOZ3 Index;43,5;1000;;16.09.2020 12:04
VHOZ3 Index;42,5;5000;;16.09.2020 17:26
VHOZ3 Index;43;6000;;16.09.2020 17:29
VHOZ3 Index;44;3000;;21.09.2020 15:34
VHOZ3 Index;43,5;5000;;22.09.2020 11:43
VHOZ3 Index;43,5;2000;;22.09.2020 12:10
VHOZ3 Index;44;5000;;22.09.2020 13:09
VHOZ3 Index;44;2000;;22.09.2020 14:23
VHOZ3 Index;43,5;1000;;22.09.2020 15:05
VHOZ3 Index;43,5;4000;;22.09.2020 16:21
VHOZ3 Index;44;1000;;22.09.2020 17:30
VHOZ3 Index;43;8000;;23.09.2020 11:24
VHOZ3 Index;44,5;2500;;25.09.2020 15:19
VHOZ3 Index;43,5;5000;;28.09.2020 10:33
VHOZ3 Index;43,5;1000;;28.09.2020 10:35
VHOZ3 Index;42,5;1500;;29.09.2020 17:21
VHOZ3 Index;43;1500;;29.09.2020 17:21
VHOZ3 Index;43;3000;;01.10.2020 11:35
VHOZ3 Index;43;1000;;01.10.2020 16:15
VHOZ3 Index;41,5;3000;;06.10.2020 12:47
VHOZ3 Index;41,5;5000;;06.10.2020 18:10
VHOZ3 Index;42;5000;;07.10.2020 15:06
VHOZ3 Index;41,5;2000;;07.10.2020 15:36
VHOZ3 Index;41,5;1000;;09.10.2020 11:35
VHOZ3 Index;41,5;3000;;09.10.2020 16:53
VHOZ3 Index;41,5;15000;;12.10.2020 14:27
VHOZ3 Index;41,5;4000;;12.10.2020 14:28
VHOZ3 Index;42,5;7000;;14.10.2020 11:31
VHOZ3 Index;43;2000;;15.10.2020 10:47
VHOZ3 Index;43;1000;;16.10.2020 11:05
VHOZ3 Index;42;5000;;19.10.2020 14:51
VHOZ3 Index;41;7500;;23.10.2020 14:59
VHOZ3 Index;41,5;1000;;26.10.2020 11:38
VHOZ3 Index;40,5;1000;;27.10.2020 14:48
VHOZ3 Index;41;2000;;27.10.2020 17:26
VHOZ3 Index;42;10000;;28.10.2020 11:28
VHOZ3 Index;43,5;7000;;28.10.2020 13:52
VHOZ3 Index;42,5;7000;;28.10.2020 16:17
VHOZ3 Index;42,5;3000;;28.10.2020 16:20
VHOZ3 Index;42,5;7500;;28.10.2020 16:46
VHOZ3 Index;43;4000;;28.10.2020 17:37
VHOZ3 Index;43;5000;;29.10.2020 10:24
VHOZ3 Index;43;5000;;29.10.2020 10:40
VHOZ3 Index;43;5000;;29.10.2020 10:44
VHOZ3 Index;42;2000;;29.10.2020 11:21
VHOZ3 Index;42;2000;;29.10.2020 14:04
VHOZ3 Index;41,5;3000;;03.11.2020 12:22
VHOZ3 Index;41,5;3000;;03.11.2020 13:23
VHOZ3 Index;41,5;2000;;03.11.2020 13:42
VHOZ3 Index;41,5;2000;;03.11.2020 15:02
VHOZ3 Index;41,5;3000;;03.11.2020 15:48
VHOZ4 Index;57,5;1000;;04.12.2019 12:55
VHOZ4 Index;58;1000;;04.12.2019 12:55
VHOZ4 Index;57,5;4000;;04.12.2019 13:43
VHOZ4 Index;57,5;3000;;04.12.2019 15:18
VHOZ4 Index;57;1000;;09.12.2019 17:47
VHOZ4 Index;57;1500;;10.12.2019 12:38
VHOZ4 Index;57,5;1500;;10.12.2019 12:39
VHOZ4 Index;57;1500;;10.12.2019 13:00
VHOZ4 Index;57,5;1500;;10.12.2019 13:00
VHOZ4 Index;57;500;;12.12.2019 16:06
VHOZ4 Index;56,5;500;;12.12.2019 16:06
VHOZ4 Index;57;500;;12.12.2019 16:06
VHOZ4 Index;56,5;500;;12.12.2019 16:07
VHOZ4 Index;56,5;500;;12.12.2019 16:26
VHOZ4 Index;57;500;;12.12.2019 16:26
VHOZ4 Index;56,5;1000;;07.01.2020 11:49
VHOZ4 Index;57;1000;;07.01.2020 11:50
VHOZ4 Index;57;5000;;08.01.2020 13:41
VHOZ4 Index;57;5000;;08.01.2020 14:43
VHOZ4 Index;56,5;1000;;08.01.2020 15:51
VHOZ4 Index;55;1690;;10.01.2020 12:42
VHOZ4 Index;53,5;3000;;14.01.2020 17:56
VHOZ4 Index;53,5;1500;;15.01.2020 11:18
VHOZ4 Index;54;1500;;15.01.2020 11:18
VHOZ4 Index;54;1000;;15.01.2020 11:47
VHOZ4 Index;53,5;1000;;15.01.2020 11:48
VHOZ4 Index;53,5;1000;;15.01.2020 16:01
VHOZ4 Index;54;1000;;15.01.2020 16:01
VHOZ4 Index;54;3000;;27.01.2020 16:44
VHOZ4 Index;53;150;;29.01.2020 17:38
VHOZ4 Index;53,5;150;;29.01.2020 17:39
VHOZ4 Index;54;300;;04.02.2020 11:20
VHOZ4 Index;52,5;200;;10.02.2020 10:09
VHOZ4 Index;52,5;1500;;11.02.2020 13:59
VHOZ4 Index;52;200;;12.02.2020 09:55
VHOZ4 Index;52;2000;;12.02.2020 15:34
VHOZ4 Index;52;1721;;14.02.2020 16:10
VHOZ4 Index;53,5;400;;21.02.2020 11:05
VHOZ4 Index;55;3000;;24.02.2020 15:12
VHOZ4 Index;55;3000;;24.02.2020 16:05
VHOZ4 Index;56,5;2000;;26.02.2020 13:50
VHOZ4 Index;56,5;7000;;27.02.2020 10:47
VHOZ4 Index;56,5;5000;;27.02.2020 11:06
VHOZ4 Index;57;3500;;27.02.2020 15:58
VHOZ4 Index;57;4000;;27.02.2020 16:25
VHOZ4 Index;59;1000;;28.02.2020 11:11
VHOZ4 Index;60;5000;;28.02.2020 11:38
VHOZ4 Index;59;1000;;28.02.2020 14:55
VHOZ4 Index;58,5;3000;;28.02.2020 17:26
VHOZ4 Index;59,5;4000;;28.02.2020 18:10
VHOZ4 Index;58,5;2000;;02.03.2020 11:52
VHOZ4 Index;59;1000;;02.03.2020 12:09
VHOZ4 Index;57,5;1936;;03.03.2020 15:08
VHOZ4 Index;56,5;1000;;04.03.2020 15:55
VHOZ4 Index;57,5;2000;;05.03.2020 11:11
VHOZ4 Index;58;3000;;05.03.2020 14:02
VHOZ4 Index;58,5;3000;;05.03.2020 15:58
VHOZ4 Index;58,5;1000;;05.03.2020 16:10
VHOZ4 Index;60;2000;;06.03.2020 10:23
VHOZ4 Index;62;1500;;06.03.2020 11:53
VHOZ4 Index;65;150;;06.03.2020 14:19
VHOZ4 Index;63;250;;06.03.2020 15:59
VHOZ4 Index;63;200;;06.03.2020 16:20
VHOZ4 Index;64;1000;;06.03.2020 16:50
VHOZ4 Index;61,5;100;;06.03.2020 17:08
VHOZ4 Index;63;250;;06.03.2020 18:13
VHOZ4 Index;63;200;;06.03.2020 18:14
VHOZ4 Index;71;5000;;09.03.2020 14:20
VHOZ4 Index;78;3000;;12.03.2020 10:56
VHOZ4 Index;79;4000;;12.03.2020 10:56
VHOZ4 Index;80;5000;;12.03.2020 11:42
VHOZ4 Index;78;3000;;12.03.2020 13:06
VHOZ4 Index;78;4000;;12.03.2020 13:07
VHOZ4 Index;79;1000;;12.03.2020 13:18
VHOZ4 Index;80;5000;;12.03.2020 13:46
VHOZ4 Index;80;2000;;12.03.2020 13:56
VHOZ4 Index;79;4000;;13.03.2020 13:55
VHOZ4 Index;95;3035;;17.03.2020 11:34
VHOZ4 Index;68;5000;;18.03.2020 15:53
VHOZ4 Index;68;2312;;18.03.2020 16:19
VHOZ4 Index;67;5000;;18.03.2020 16:38
VHOZ4 Index;70;10000;;19.03.2020 12:38
VHOZ4 Index;75,5;500;;20.03.2020 17:06
VHOZ4 Index;68;2000;;20.03.2020 17:52
VHOZ4 Index;71;20000;;23.03.2020 13:25
VHOZ4 Index;71;2000;;23.03.2020 14:13
VHOZ4 Index;65;2000;;24.03.2020 12:09
VHOZ4 Index;58;3000;;31.03.2020 12:25
VHOZ4 Index;57;5000;;31.03.2020 18:48
VHOZ4 Index;60;3000;;02.04.2020 16:58
VHOZ4 Index;60;2000;;02.04.2020 17:08
VHOZ4 Index;59;5000;;02.04.2020 17:36
VHOZ4 Index;61;2000;;03.04.2020 13:58
VHOZ4 Index;63;8000;;03.04.2020 17:13
VHOZ4 Index;65;350;;08.04.2020 16:54
VHOZ4 Index;67;1000;;09.04.2020 11:56
VHOZ4 Index;66;4000;;17.04.2020 13:50
VHOZ4 Index;67;2000;;21.04.2020 12:09
VHOZ4 Index;64;500;;27.04.2020 10:53
VHOZ4 Index;66;5000;;28.04.2020 13:19
VHOZ4 Index;66;5000;;28.04.2020 13:35
VHOZ4 Index;62;100;;28.04.2020 13:37
VHOZ4 Index;64;5000;;28.04.2020 17:27
VHOZ4 Index;65,5;2000;;05.05.2020 11:49
VHOZ4 Index;68;6000;;11.05.2020 16:15
VHOZ4 Index;70;3000;;13.05.2020 15:58
VHOZ4 Index;74;1000;;15.05.2020 16:36
VHOZ4 Index;74;1000;;15.05.2020 17:33
VHOZ4 Index;73;400;;18.05.2020 10:45
VHOZ4 Index;74;2500;;18.05.2020 14:02
VHOZ4 Index;74;1500;;18.05.2020 14:16
VHOZ4 Index;72,5;3000;;18.05.2020 18:04
VHOZ4 Index;71;3000;;20.05.2020 11:32
VHOZ4 Index;74;1000;;20.05.2020 14:08
VHOZ4 Index;74;1000;;21.05.2020 17:51
VHOZ4 Index;73;5000;;22.05.2020 15:47
VHOZ4 Index;73,5;1000;;22.05.2020 17:26
VHOZ4 Index;72,5;4000;;26.05.2020 16:56
VHOZ4 Index;69;1500;;28.05.2020 10:38
VHOZ4 Index;69;500;;28.05.2020 12:55
VHOZ4 Index;68;4500;;28.05.2020 14:19
VHOZ4 Index;68;1500;;28.05.2020 16:40
VHOZ4 Index;68,5;5000;;28.05.2020 16:47
VHOZ4 Index;68;2000;;01.06.2020 12:30
VHOZ4 Index;68,5;2500;;01.06.2020 17:34
VHOZ4 Index;67;200;;02.06.2020 15:17
VHOZ4 Index;66,5;3000;;02.06.2020 15:30
VHOZ4 Index;66;100;;02.06.2020 17:43
VHOZ4 Index;65;2000;;03.06.2020 11:28
VHOZ4 Index;65;4000;;03.06.2020 12:48
VHOZ4 Index;62;5000;;04.06.2020 16:33
VHOZ4 Index;61;2000;;05.06.2020 09:59
VHOZ4 Index;59,5;4000;;05.06.2020 15:40
VHOZ4 Index;60;1500;;08.06.2020 17:39
VHOZ4 Index;60,5;1500;;08.06.2020 17:39
VHOZ4 Index;60;1000;;08.06.2020 17:50
VHOZ4 Index;60,5;1000;;08.06.2020 17:51
VHOZ4 Index;60,5;5000;;08.06.2020 17:54
VHOZ4 Index;62;1500;;09.06.2020 12:13
VHOZ4 Index;61,5;2000;;09.06.2020 12:24
VHOZ4 Index;61;4000;;09.06.2020 17:17
VHOZ4 Index;60,5;2000;;09.06.2020 17:32
VHOZ4 Index;61,5;2000;;10.06.2020 10:41
VHOZ4 Index;61;2000;;10.06.2020 10:58
VHOZ4 Index;61,5;2500;;10.06.2020 16:26
VHOZ4 Index;63;2000;;11.06.2020 11:45
VHOZ4 Index;63;5000;;11.06.2020 11:58
VHOZ4 Index;62;3000;;11.06.2020 16:49
VHOZ4 Index;62,5;3000;;12.06.2020 12:21
VHOZ4 Index;63;3000;;15.06.2020 17:10
VHOZ4 Index;61;200;;16.06.2020 10:49
VHOZ4 Index;61;4000;;16.06.2020 12:46
VHOZ4 Index;60,5;5000;;17.06.2020 16:52
VHOZ4 Index;60,5;1500;;17.06.2020 17:10
VHOZ4 Index;58;1500;;19.06.2020 15:21
VHOZ4 Index;58;5000;;19.06.2020 15:30
VHOZ4 Index;58,5;2000;;24.06.2020 16:53
VHOZ4 Index;56,5;3000;;02.07.2020 16:37
VHOZ4 Index;57;5000;;02.07.2020 17:43
VHOZ4 Index;57;2000;;02.07.2020 17:48
VHOZ4 Index;57,5;2000;;03.07.2020 13:48
VHOZ4 Index;56,5;2500;;06.07.2020 16:46
VHOZ4 Index;57,5;10000;;07.07.2020 12:34
VHOZ4 Index;57;2500;;07.07.2020 15:36
VHOZ4 Index;57,5;2500;;07.07.2020 15:37
VHOZ4 Index;58,5;1000;;16.07.2020 14:00
VHOZ4 Index;58;10000;;17.07.2020 15:17
VHOZ4 Index;56,5;1000;;21.07.2020 13:10
VHOZ4 Index;56;1000;;21.07.2020 13:10
VHOZ4 Index;58;2000;;31.07.2020 10:37
VHOZ4 Index;57;4000;;05.08.2020 16:41
VHOZ4 Index;56,5;2000;;12.08.2020 14:38
VHOZ4 Index;56;3000;;12.08.2020 16:36
VHOZ4 Index;54;1000;;25.08.2020 17:50
VHOZ4 Index;54,5;1000;;25.08.2020 17:50
VHOZ4 Index;54,5;2000;;25.08.2020 18:00
VHOZ4 Index;54,5;2500;;26.08.2020 15:36
VHOZ4 Index;53;1500;;03.09.2020 16:43
VHOZ4 Index;54;10000;;07.09.2020 11:46
VHOZ4 Index;53,5;2000;;07.09.2020 13:59
VHOZ4 Index;53,5;4000;;07.09.2020 13:59
VHOZ4 Index;54;1000;;08.09.2020 13:35
VHOZ4 Index;54;20000;;09.09.2020 13:39
VHOZ4 Index;54;4000;;09.09.2020 14:07
VHOZ4 Index;53;1000;;14.09.2020 14:47
VHOZ4 Index;52,5;5000;;14.09.2020 17:14
VHOZ4 Index;53;5000;;14.09.2020 17:15
VHOZ4 Index;53;3000;;14.09.2020 17:18
VHOZ4 Index;51,5;5000;;16.09.2020 17:26
VHOZ4 Index;51,5;2000;;16.09.2020 17:39
VHOZ4 Index;53;3000;;21.09.2020 10:03
VHOZ4 Index;53;2000;;21.09.2020 15:37
VHOZ4 Index;54;4000;;22.09.2020 11:08
VHOZ4 Index;54;1000;;22.09.2020 11:14
VHOZ4 Index;54;1000;;22.09.2020 15:10
VHOZ4 Index;54;2000;;22.09.2020 15:26
VHOZ4 Index;54;1000;;22.09.2020 15:48
VHOZ4 Index;52,5;4000;;22.09.2020 16:20
VHOZ4 Index;53,5;4000;;22.09.2020 17:05
VHOZ4 Index;53,5;4000;;25.09.2020 16:16
VHOZ4 Index;53,5;1300;;25.09.2020 16:27
VHOZ4 Index;54;1300;;25.09.2020 16:27
VHOZ4 Index;54;4000;;25.09.2020 17:39
VHOZ4 Index;50;5000;;06.10.2020 16:00
VHOZ4 Index;50;5000;;08.10.2020 13:48
VHOZ4 Index;50;1000;;08.10.2020 14:26
VHOZ4 Index;50;4000;;08.10.2020 15:14
VHOZ4 Index;50;2000;;08.10.2020 15:49
VHOZ4 Index;49,5;1500;;09.10.2020 12:10
VHOZ4 Index;49,5;2000;;09.10.2020 14:23
VHOZ4 Index;49;9500;;12.10.2020 14:28
VHOZ4 Index;49,5;9500;;12.10.2020 14:30
VHOZ4 Index;49;5000;;13.10.2020 15:13
VHOZ4 Index;49;3000;;13.10.2020 15:59
VHOZ4 Index;51;3000;;15.10.2020 11:34
VHOZ4 Index;52;1000;;15.10.2020 17:05
VHOZ4 Index;50;5000;;20.10.2020 16:35
VHOZ4 Index;49,5;1500;;23.10.2020 15:28
VHOZ4 Index;49;1500;;23.10.2020 15:29
VHOZ4 Index;50;2000;;27.10.2020 10:59
VHOZ4 Index;53,5;7000;;28.10.2020 13:22
VHOZ4 Index;53,5;2000;;28.10.2020 13:56
VHOZ4 Index;53,5;4000;;28.10.2020 16:37
VHOZ4 Index;54;1000;;28.10.2020 16:37
VHOZ4 Index;52,5;10000;;29.10.2020 11:11
VHOZ4 Index;52,5;3000;;29.10.2020 11:16
VHOZ4 Index;52,5;2000;;29.10.2020 12:29
VHOZ4 Index;52,5;5000;;29.10.2020 16:56
VHOZ4 Index;52,5;5000;;30.10.2020 12:37
VHOZ4 Index;51,5;3000;;30.10.2020 15:09
VHOZ4 Index;51,5;600;;30.10.2020 15:53
VHOZ4 Index;50,5;2000;;02.11.2020 10:54
VHOZ4 Index;50,5;5000;;02.11.2020 13:59
VHOZ4 Index;50,5;3000;;02.11.2020 14:09
VHOZ4 Index;50;5000;;03.11.2020 10:45
VHOZ4 Index;50;5000;;03.11.2020 10:50
VHOZ4 Index;50,5;2000;;03.11.2020 15:06
VHOZ4 Index;51,5;300;;03.11.2020 15:45
VHOZ5 Index;61;1000;;09.12.2019 17:47
VHOZ5 Index;60;2000;;03.01.2020 12:05
VHOZ5 Index;59;1500;;06.01.2020 17:34
VHOZ5 Index;59;3000;;07.01.2020 14:00
VHOZ5 Index;59;4000;;09.01.2020 16:05
VHOZ5 Index;57,5;2000;;14.01.2020 13:23
VHOZ5 Index;57,5;5000;;14.01.2020 13:29
VHOZ5 Index;57,5;2000;;14.01.2020 14:19
VHOZ5 Index;57,5;5000;;14.01.2020 14:37
VHOZ5 Index;57,5;2000;;15.01.2020 16:01
VHOZ5 Index;57,5;1000;;15.01.2020 16:03
VHOZ5 Index;58;3000;;16.01.2020 11:04
VHOZ5 Index;57,5;1000;;23.01.2020 11:47
VHOZ5 Index;58;1000;;23.01.2020 11:47
VHOZ5 Index;57,5;2000;;23.01.2020 11:49
VHOZ5 Index;58;2000;;23.01.2020 11:49
VHOZ5 Index;57,5;1500;;23.01.2020 12:01
VHOZ5 Index;58;1500;;23.01.2020 12:01
VHOZ5 Index;58;2000;;27.01.2020 17:26
VHOZ5 Index;58;2000;;29.01.2020 18:33
VHOZ5 Index;58;1000;;06.02.2020 15:51
VHOZ5 Index;56;400;;17.02.2020 11:14
VHOZ5 Index;58;1000;;20.02.2020 17:51
VHOZ5 Index;59,5;2000;;26.02.2020 11:50
VHOZ5 Index;60;2000;;26.02.2020 11:50
VHOZ5 Index;59,5;1000;;26.02.2020 15:58
VHOZ5 Index;62,5;5000;;28.02.2020 10:42
VHOZ5 Index;61;200;;28.02.2020 10:46
VHOZ5 Index;63,5;3000;;28.02.2020 11:31
VHOZ5 Index;62,5;2000;;28.02.2020 16:35
VHOZ5 Index;63;2000;;02.03.2020 17:14
VHOZ5 Index;63;2000;;02.03.2020 17:36
VHOZ5 Index;61;100;;03.03.2020 16:51
VHOZ5 Index;60;3000;;05.03.2020 10:05
VHOZ5 Index;62,5;2000;;05.03.2020 14:43
VHOZ5 Index;63;2000;;05.03.2020 15:04
VHOZ5 Index;68;150;;06.03.2020 14:17
VHOZ5 Index;68;8000;;06.03.2020 16:13
VHOZ5 Index;68;100;;06.03.2020 17:09
VHOZ5 Index;73;5000;;09.03.2020 11:38
VHOZ5 Index;70;2000;;10.03.2020 13:05
VHOZ5 Index;70;5000;;10.03.2020 13:28
VHOZ5 Index;70;2000;;10.03.2020 14:02
VHOZ5 Index;70;2000;;10.03.2020 15:27
VHOZ5 Index;74;2000;;10.03.2020 16:47
VHOZ5 Index;74;3000;;10.03.2020 17:40
VHOZ5 Index;84;1500;;12.03.2020 11:09
VHOZ5 Index;84;3000;;12.03.2020 11:20
VHOZ5 Index;83;2000;;12.03.2020 11:21
VHOZ5 Index;83,5;4000;;12.03.2020 12:42
VHOZ5 Index;90;1000;;12.03.2020 17:24
VHOZ5 Index;89;3000;;12.03.2020 17:35
VHOZ5 Index;89;4000;;13.03.2020 09:26
VHOZ5 Index;89;3000;;13.03.2020 10:23
VHOZ5 Index;90;3000;;13.03.2020 17:34
VHOZ5 Index;88;7500;;13.03.2020 17:37
VHOZ5 Index;88;7500;;13.03.2020 17:37
VHOZ5 Index;91;1000;;13.03.2020 17:49
VHOZ5 Index;88;2000;;13.03.2020 18:04
VHOZ5 Index;76;1000;;19.03.2020 10:06
VHOZ5 Index;78;10000;;19.03.2020 10:56
VHOZ5 Index;79;2000;;19.03.2020 10:56
VHOZ5 Index;78;2000;;19.03.2020 10:56
VHOZ5 Index;79;3000;;19.03.2020 11:19
VHOZ5 Index;79;5000;;19.03.2020 11:42
VHOZ5 Index;76;1000;;19.03.2020 12:00
VHOZ5 Index;77;3000;;20.03.2020 11:22
VHOZ5 Index;75;1000;;24.03.2020 11:57
VHOZ5 Index;68;5000;;25.03.2020 11:21
VHOZ5 Index;70;2000;;26.03.2020 15:27
VHOZ5 Index;63;5000;;26.03.2020 16:41
VHOZ5 Index;67;3000;;27.03.2020 17:55
VHOZ5 Index;67;2000;;27.03.2020 17:56
VHOZ5 Index;66;1500;;01.04.2020 14:36
VHOZ5 Index;70;2000;;03.04.2020 13:39
VHOZ5 Index;69;5000;;03.04.2020 14:47
VHOZ5 Index;72;5000;;06.04.2020 16:15
VHOZ5 Index;73;5000;;06.04.2020 17:16
VHOZ5 Index;74;1000;;08.04.2020 17:55
VHOZ5 Index;74;2300;;08.04.2020 17:57
VHOZ5 Index;76;2000;;15.04.2020 16:57
VHOZ5 Index;74;5000;;22.04.2020 13:22
VHOZ5 Index;74;5000;;22.04.2020 16:15
VHOZ5 Index;74;3000;;23.04.2020 14:51
VHOZ5 Index;74;3000;;23.04.2020 15:02
VHOZ5 Index;73;5000;;23.04.2020 16:42
VHOZ5 Index;73;4000;;23.04.2020 17:12
VHOZ5 Index;72;5000;;30.04.2020 15:33
VHOZ5 Index;80;2000;;15.05.2020 13:43
VHOZ5 Index;82;1500;;20.05.2020 14:09
VHOZ5 Index;81;3000;;20.05.2020 17:06
VHOZ5 Index;83;3000;;20.05.2020 17:06
VHOZ5 Index;79;400;;27.05.2020 10:33
VHOZ5 Index;78;3000;;28.05.2020 11:02
VHOZ5 Index;78;1500;;28.05.2020 11:26
VHOZ5 Index;78;3000;;28.05.2020 12:07
VHOZ5 Index;78;11500;;28.05.2020 13:04
VHOZ5 Index;78;1500;;28.05.2020 14:31
VHOZ5 Index;76;2000;;29.05.2020 13:09
VHOZ5 Index;75,5;2000;;29.05.2020 14:14
VHOZ5 Index;76;2000;;29.05.2020 14:15
VHOZ5 Index;76;3000;;29.05.2020 17:29
VHOZ5 Index;71,5;1500;;03.06.2020 15:05
VHOZ5 Index;71,5;1500;;03.06.2020 15:06
VHOZ5 Index;66,5;2500;;05.06.2020 15:31
VHOZ5 Index;66,5;3000;;05.06.2020 15:48
VHOZ5 Index;65;1000;;05.06.2020 15:54
VHOZ5 Index;68;12000;;09.06.2020 17:45
VHOZ5 Index;68;3000;;10.06.2020 10:59
VHOZ5 Index;70;3000;;10.06.2020 14:46
VHOZ5 Index;70;1000;;10.06.2020 14:53
VHOZ5 Index;69;1000;;10.06.2020 16:23
VHOZ5 Index;69,5;3000;;11.06.2020 17:14
VHOZ5 Index;71;4000;;11.06.2020 18:03
VHOZ5 Index;71;2000;;11.06.2020 18:43
VHOZ5 Index;71;1000;;12.06.2020 17:57
VHOZ5 Index;71;1000;;12.06.2020 17:58
VHOZ5 Index;72;1600;;15.06.2020 17:23
VHOZ5 Index;68,5;1000;;16.06.2020 15:43
VHOZ5 Index;69,5;1000;;18.06.2020 18:06
VHOZ5 Index;67;3000;;19.06.2020 17:28
VHOZ5 Index;67;1000;;19.06.2020 17:38
VHOZ5 Index;68;3000;;22.06.2020 17:19
VHOZ5 Index;68,5;6000;;23.06.2020 12:14
VHOZ5 Index;68;1000;;25.06.2020 17:08
VHOZ5 Index;68;2000;;26.06.2020 17:08
VHOZ5 Index;68;2000;;26.06.2020 17:31
VHOZ5 Index;65;6000;;02.07.2020 15:51
VHOZ5 Index;65;2000;;02.07.2020 16:36
VHOZ5 Index;64,5;6000;;07.07.2020 14:03
VHOZ5 Index;64,5;2000;;07.07.2020 14:28
VHOZ5 Index;65;3000;;08.07.2020 17:50
VHOZ5 Index;64;100;;17.07.2020 14:28
VHOZ5 Index;65,5;3000;;17.07.2020 14:44
VHOZ5 Index;65,5;2000;;17.07.2020 15:19
VHOZ5 Index;64,5;4000;;27.07.2020 13:08
VHOZ5 Index;65,5;4000;;27.07.2020 13:08
VHOZ5 Index;63,5;3000;;12.08.2020 16:49
VHOZ5 Index;62,5;2500;;19.08.2020 17:47
VHOZ5 Index;63;2500;;19.08.2020 17:47
VHOZ5 Index;63;2500;;19.08.2020 17:47
VHOZ5 Index;62,5;2500;;19.08.2020 17:47
VHOZ5 Index;63;500;;21.08.2020 16:43
VHOZ5 Index;62,5;6000;;27.08.2020 14:12
VHOZ5 Index;63;7500;;31.08.2020 11:32
VHOZ5 Index;62,5;5000;;03.09.2020 09:46
VHOZ5 Index;63,5;2000;;11.09.2020 15:20
VHOZ5 Index;63,5;2000;;11.09.2020 15:21
VHOZ5 Index;62,5;1000;;14.09.2020 10:11
VHOZ5 Index;62;1500;;22.09.2020 11:21
VHOZ5 Index;62;4000;;22.09.2020 17:05
VHOZ5 Index;62,5;1000;;25.09.2020 10:58
VHOZ5 Index;62,5;2000;;25.09.2020 14:26
VHOZ5 Index;62,5;4000;;25.09.2020 17:39
VHOZ5 Index;56,5;2000;;12.10.2020 13:12
VHOZ5 Index;56,5;1500;;12.10.2020 13:51
VHOZ5 Index;60;2000;;15.10.2020 11:41
VHOZ5 Index;57,5;5000;;22.10.2020 17:39
VHOZ5 Index;58;6500;;26.10.2020 10:44
VHOZ5 Index;59;500;;26.10.2020 15:38
VHOZ5 Index;59;2000;;27.10.2020 17:15
VHOZ5 Index;61;4000;;28.10.2020 10:39
VHOZ5 Index;61;3000;;28.10.2020 10:47
VHOZ5 Index;61;1000;;28.10.2020 10:52
VHOZ5 Index;61;1000;;28.10.2020 11:04
VHOZ5 Index;63;13000;;28.10.2020 12:47
VHOZ5 Index;62,5;4000;;29.10.2020 10:44
VHOZ5 Index;62,5;10000;;29.10.2020 10:59
VHOZ5 Index;62;2000;;29.10.2020 12:03
VHOZ5 Index;62;2000;;29.10.2020 16:03
VHOZ5 Index;58;300;;03.11.2020 15:42
VHOZ6 Index;62,5;2000;;27.01.2020 10:53
VHOZ6 Index;62,5;2000;;30.01.2020 16:21
VHOZ6 Index;59;1;;21.02.2020 10:45
VHOZ6 Index;64;200;;28.02.2020 10:46
VHOZ6 Index;66,5;3000;;28.02.2020 11:28
VHOZ6 Index;66;4000;;03.03.2020 12:16
VHOZ6 Index;64;1000;;04.03.2020 16:07
VHOZ6 Index;66;2000;;05.03.2020 14:36
VHOZ6 Index;71;2000;;06.03.2020 12:11
VHOZ6 Index;72;150;;06.03.2020 14:17
VHOZ6 Index;75;3000;;06.03.2020 14:23
VHOZ6 Index;75;1000;;06.03.2020 15:00
VHOZ6 Index;73;2000;;06.03.2020 15:27
VHOZ6 Index;73;1000;;06.03.2020 15:33
VHOZ6 Index;73;1000;;06.03.2020 15:47
VHOZ6 Index;73;1000;;06.03.2020 17:43
VHOZ6 Index;78;3000;;09.03.2020 14:10
VHOZ6 Index;73;11000;;27.03.2020 18:21
VHOZ6 Index;74;3000;;30.03.2020 13:03
VHOZ6 Index;74;4000;;03.04.2020 14:40
VHOZ6 Index;76;3000;;03.04.2020 15:14
VHOZ6 Index;74;1000;;03.04.2020 15:22
VHOZ6 Index;78;1500;;16.04.2020 14:16
VHOZ6 Index;78;3000;;16.04.2020 14:19
VHOZ6 Index;89;1000;;20.05.2020 15:59
VHOZ6 Index;88;2500;;22.05.2020 17:23
VHOZ6 Index;88;2500;;26.05.2020 17:38
VHOZ6 Index;83;2000;;01.06.2020 14:22
VHOZ6 Index;83;1000;;01.06.2020 15:31
VHOZ6 Index;83;2000;;01.06.2020 17:34
VHOZ6 Index;83;3000;;01.06.2020 17:43
VHOZ6 Index;73,5;5000;;08.06.2020 12:15
VHOZ6 Index;75;2000;;02.07.2020 10:43
VHOZ6 Index;72;3000;;07.07.2020 14:03
VHOZ6 Index;72,5;3000;;07.07.2020 14:09
VHOZ6 Index;72,5;1000;;07.07.2020 14:29
VHOZ6 Index;72;1000;;07.07.2020 14:29
VHOZ6 Index;72;2500;;09.07.2020 15:46
VHOZ6 Index;72,5;2500;;09.07.2020 15:46
VHOZ6 Index;73,5;750;;16.07.2020 11:26
VHOZ6 Index;74;750;;16.07.2020 11:26
VHOZ6 Index;70;100;;06.08.2020 13:26
VHOZ6 Index;73;2500;;06.08.2020 17:32
VHOZ6 Index;69,5;100;;18.08.2020 11:54
VHOZ6 Index;70,5;3000;;19.08.2020 13:48
VHOZ6 Index;70,5;1250;;25.08.2020 17:06
VHOZ6 Index;71;1250;;25.08.2020 17:06
VHOZ6 Index;69,5;100;;26.08.2020 15:35
VHOZ6 Index;71;1500;;08.09.2020 12:35
VHOZ6 Index;70;750;;23.09.2020 17:29
VHOZ6 Index;69;100;;29.09.2020 12:45
VHOZ6 Index;67;1000;;05.10.2020 16:16
VHOZ6 Index;67,5;2000;;15.10.2020 11:02
VHOZ6 Index;68,5;3000;;15.10.2020 11:45
VHOZ6 Index;67;2000;;26.10.2020 16:52
VHOZ6 Index;67;1000;;26.10.2020 16:59
VHOZ6 Index;67;2000;;26.10.2020 17:01
VHOZ6 Index;67;1000;;26.10.2020 17:10
VHOZ6 Index;67,5;4500;;26.10.2020 17:53
VHOZ6 Index;69,5;2000;;28.10.2020 10:47
VHOZ6 Index;66;300;;03.11.2020 15:44
VHOZ7 Index;67;1000;;24.02.2020 12:06
VHOZ7 Index;75;150;;06.03.2020 14:19
VHOZ7 Index;80;3000;;11.03.2020 13:13
VHOZ7 Index;89;3000;;12.03.2020 13:00
VHOZ7 Index;98;8000;;12.03.2020 17:41
VHOZ7 Index;98;500;;12.03.2020 17:58
VHOZ7 Index;95;7000;;13.03.2020 16:56
VHOZ7 Index;75;1500;;02.04.2020 12:37
VHOZ7 Index;77;1000;;03.04.2020 14:08
VHOZ7 Index;91,5;11500;;28.05.2020 13:05
VHOZ7 Index;90,5;750;;29.05.2020 17:40
VHOZ7 Index;90;2500;;01.06.2020 17:34
VHOZ7 Index;80,5;3000;;05.06.2020 16:34
VHOZ7 Index;81;3000;;02.07.2020 16:20
VHOZ7 Index;80;2500;;08.07.2020 18:25
VHOZ7 Index;79,5;2500;;09.07.2020 16:01
VHOZ7 Index;80;2500;;09.07.2020 16:01
VHOZ7 Index;79;4000;;30.07.2020 13:23
VHOZ7 Index;78;2500;;26.08.2020 15:38
VHOZ7 Index;78,5;2000;;10.09.2020 17:57
VHOZ7 Index;77;150;;15.09.2020 17:49
VHOZ7 Index;76,5;150;;15.09.2020 17:49
VHOZ7 Index;77;200;;18.09.2020 10:21
VHOZ7 Index;78;1000;;23.09.2020 14:32
VHOZ7 Index;79;2000;;25.09.2020 13:47
VHOZ7 Index;72,5;5000;;13.10.2020 15:12
VHOZ7 Index;74,5;1000;;15.10.2020 15:19
VHOZ7 Index;74,5;1000;;15.10.2020 17:05
VHOZ7 Index;72,5;5000;;22.10.2020 17:39
VHOZ7 Index;78;1000;;29.10.2020 10:55
VHOZ7 Index;78;1500;;29.10.2020 15:40
VHOZ7 Index;78;1500;;29.10.2020 16:48
VHOZ8 Index;68,5;3000;;05.03.2020 10:04
VHOZ8 Index;76;150;;06.03.2020 14:17
VHOZ8 Index;84;3000;;20.03.2020 11:24
VHOZ8 Index;85;1000;;04.05.2020 12:31
VHOZ8 Index;85;300;;07.05.2020 10:26
VHOZ8 Index;95;2000;;01.06.2020 17:34
VHOZ8 Index;85;5000;;09.06.2020 09:58
VHOZ8 Index;89,5;2000;;12.06.2020 18:02
VHOZ8 Index;91,5;1000;;15.06.2020 17:22
VHOZ8 Index;85,5;1000;;18.08.2020 13:15
VHOZ8 Index;85,5;1500;;21.08.2020 15:51
VHOZ8 Index;84,5;500;;21.08.2020 16:43
VHOZ8 Index;83,5;2000;;25.08.2020 17:13
VHOZ8 Index;83,5;3000;;25.08.2020 17:20
VHOZ8 Index;84,5;2000;;27.08.2020 15:59
VHOZ8 Index;84,5;3000;;11.09.2020 16:18
VHOZ8 Index;85;1000;;21.09.2020 16:00
VHOZ8 Index;85;1000;;22.09.2020 10:57
VHOZ8 Index;85;4000;;22.09.2020 11:06
VHOZ8 Index;85;1000;;22.09.2020 11:14
VHOZ8 Index;84,5;1000;;22.09.2020 15:05
VHOZ8 Index;80;2000;;05.10.2020 17:26
VHOZ8 Index;75;100;;20.10.2020 15:38
VHOZ8 Index;78,5;100;;26.10.2020 17:02
VHOZ8 Index;85,5;1000;;28.10.2020 12:20
VHOZ8 Index;87,5;7000;;28.10.2020 15:06
VHOZ8 Index;85;100;;28.10.2020 17:31
VHOZ9 Index;102,5;1500;;18.05.2020 14:17
VHOZ9 Index;100;4000;;28.05.2020 13:39
VHOZ9 Index;100;2000;;28.05.2020 15:41
VHOZ9 Index;95;200;;04.06.2020 14:13
VHOZ9 Index;93;2500;;04.06.2020 16:33
VHOZ9 Index;89;1500;;08.07.2020 17:49
VHOZ9 Index;90,5;2000;;03.09.2020 17:06
VHOZ9 Index;88,5;200;;21.09.2020 17:50
VHOZ9 Index;89,5;1000;;22.09.2020 15:09
VHOZ9 Index;89,5;2000;;22.09.2020 15:26
VHOZ9 Index;89,5;1000;;22.09.2020 15:48
VHOZ9 Index;88,5;1000;;01.10.2020 16:15
VHOZ9 Index;86,5;1000;;09.10.2020 11:36
VHOZ9 Index;91,5;2000;;28.10.2020 16:21
VHOZ9 Index;91,5;1000;;28.10.2020 17:01
;;;;
;;;;
;;;;
;;;;
;;;;
;;;;
;;;;
;;;;
;;;;
;;;;
;;;;
;;;;
;;;;
;;;;
;;;;
;;;;
;;;;
;;;;
;;;;
;;;;
;;;;
;;;;
;;;;
;;;;
;;;;
;;;;
;;;;
;;;;
;;;;
;;;;
;;;;
;;;;
;;;;
;;;;
;;;;
;;;;
;;;;
;;;;
;;;;
;;;;
;;;;
;;;;
;;;;
;;;;
;;;;
;;;;
;;;;
;;;;
;;;;
;;;;
;;;;
;;;;
;;;;
;;;;
;;;;
;;;;
;;;;
;;;;
;;;;
;;;;
;;;;
;;;;
;;;;
;;;;
;;;;
;;;;
;;;;
;;;;
;;;;
;;;;
;;;;
;;;;
;;;;
;;;;
;;;;
;;;;
;;;;
;;;;
;;;;
;;;;
;;;;
;;;;
;;;;
;;;;
;;;;
;;;;
;;;;
;;;;
;;;;
;;;;
;;;;
;;;;
;;;;
;;;;
;;;;
;;;;
;;;;
;;;;
;;;;
;;;;
;;;;
;;;;
;;;;
;;;;
;;;;
;;;;
;;;;
;;;;
;;;;
;;;;
;;;;
;;;;
;;;;
;;;;
;;;;
;;;;
;;;;
;;;;
;;;;
;;;;
;;;;
;;;;
;;;;
;;;;
;;;;
;;;;
;;;;
;;;;
;;;;
;;;;
;;;;
;;;;
;;;;
;;;;
;;;;
;;;;
;;;;
;;;;
;;;;
;;;;
;;;;
;;;;
;;;;
;;;;
;;;;
;;;;
;;;;
;;;;
;;;;
;;;;
;;;;
;;;;
;;;;
;;;;
;;;;
;;;;
;;;;
;;;;
;;;;
;;;;
;;;;
;;;;
;;;;
;;;;
;;;;
;;;;
;;;;
;;;;
;;;;
;;;;
;;;;
;;;;
;;;;
;;;;
;;;;
;;;;
;;;;
;;;;
;;;;
;;;;
;;;;
;;;;
;;;;
;;;;
;;;;
;;;;
;;;;
;;;;
;;;;
;;;;
;;;;
;;;;
;;;;
;;;;
;;;;
;;;;
;;;;
;;;;
;;;;
;;;;
;;;;
;;;;
;;;;
;;;;
;;;;
;;;;
;;;;
;;;;
;;;;
;;;;
;;;;
;;;;
;;;;
;;;;
;;;;
;;;;
;;;;
;;;;
;;;;
;;;;
;;;;
;;;;
;;;;
;;;;
;;;;
;;;;
;;;;
;;;;
;;;;
;;;;
;;;;
;;;;
;;;;
;;;;
;;;;
;;;;
;;;;
;;;;
;;;;
;;;;
;;;;
;;;;
;;;;
;;;;
;;;;
;;;;
;;;;
;;;;
;;;;
;;;;
;;;;
;;;;
;;;;
;;;;
;;;;
;;;;
;;;;
;;;;
;;;;
;;;;
;;;;
;;;;
;;;;
;;;;
;;;;
;;;;
;;;;
;;;;
;;;;
;;;;
;;;;
;;;;
;;;;
;;;;
;;;;
;;;;
;;;;
;;;;
;;;;
;;;;
;;;;
;;;;
;;;;
;;;;
;;;;
;;;;
;;;;
;;;;
